1C8776D,Qivivo
1C87764,RDP.RU
1C87768,Guangzhou Video-Star
8439BE5,Neat S.r.l.
8439BE8,Diamond Products LLC
8439BE3,ShenZhen Fudeyu Technology co.
1C88799,Xingtera China Ltd
40A36B5,National Research Council of
1C87762,Ibeo Automotive Systems GmbH
40A36B6,Bixi Systems Ltd.
70886BB,Beijing Strongleader Science
800A805,Shenzhen Zidoo Technology Co.
800A801,Dongguan I-Chime electrinics
1C21D17,Soundtrack Your Brand Sweden
DC4427C,Pyrexx Technologies GmbH
CC1BE0E,Cassia Networks
CC1BE02,i-Trinetech Co.
CC1BE05,Earphone Connection
A03E6B1,Business Support Consultant
C88ED19,Focalcrest
C88ED14,Comlab AG
A03E6BA,Shenzhen Neostra Technology
78C2C0E,Huwomobility
78C2C01,XRONOS-INC
B437D1C,NANJING PUTIAN
B437D17,GE Power Management
DC44273,General Microsystems Sdn Bhd
78C2C08,Beijing Coilabs technology co.
78C2C05,ShenZhen TuLing Robot CO.
B0C5CAB,RISECOMM (HK) TECHNOLOGY CO.
B0C5CA2,LOWOTEC GmbH
807B855,EFCO
807B857,Chendu Ningshui Technology Co.
807B850,Shiroshita Industrial Co.
80E4DA3,Beijing Gaokezhongtian
2CD1419,Beijing Hexing Chuangxiang
1CCAE3D,eSight Corporation
1CCAE3C,Gahdeung Elecom
64FB81A,Bronkhorst High-Tech BV
64FB81D,Dongyang unitech.co.ltd
64FB816,XIMO Communication Technology
64FB811,Narrative AB
549A111,SpearX Inc.
549A112,Torrap Design Limited
807B85C,Ningbo Plus and Popscreens
1CCAE31,PGA ELECTRONIC
1CCAE30,Private
80E4DAC,EVER Sp. z o.o.
80E4DA7,Shortcut Labs
B437D13,DIMTON CO.
B437D10,Lezyne INC USA
74F8DBB,Capwave Technologies Inc
885D904,Wuhan Strong Electronics Co.
549A11C,Xi'an Hua Fan Technology Co.
549A11B,Elite Silicon Technology
74F8DB3,InnoTrans Communications
885D90D,Hexaglobe
885D909,Gigatech R&D Corp.
F802782,Innodisk
0CEFAFE,Infinisource Inc.
90C6822,ekey biometric systems gmbh
2C6A6FD,Holjeron
2C6A6F9,Logic IO Aps
2C6A6FA,Wellntel
9802D8B,HANSHIN MEDICAL CO.
9802D87,Ormazabal
0CEFAF8,BSX Athletics
0CEFAF5,PREMIUM SA
0CEFAF4,Sentry360
A44F29C,Shenzhen Huadoo Bright Group
A0BB3E3,WiteRiver Technology LLC
28FD80D,Grandway Technology (Shenzhen)
28FD80C,Airbus Defence and Space Oy
28FD809,JINLITONG INTERNATIONAL CO.
28FD802,Zhixiang Technology Co.
A0BB3EA,Filo SRL
9802D82,United Power Research
A0BB3E8,AutarcTech GmbH
A0BB3E4,COMSYS Communications Systems
90C682E,Shanghai HuRong Communication
90C6829,ACT
F80278E,Lit Technologies
F80278B,Rosemount Analytical
F802787,BETTINI SRL
28FD803,NUUO
E818635,WETEK ELECTRONICS LIMITED
E818632,AVCON Information Technology
B8D812D,Lam Research
B8D8126,Vonger Electronic Technology
B8D8124,V5 Technology Corporation
74E14A6,Emerging Technology (Holdings)
74E14A3,emz-Hanauer GmbH & Co. KGaA
E4956ED,Shanghai Tieda
D022122,RHENAC Systems GmbH
E81863D,DIGITAL DYNAMICS
E818639,BSM Wireless Inc.
D02212D,SHENZHEN ZHONGXI SECURITY CO.
E4956EA,Red Point Positioning
E4956E4,Guang Lian Zhi Tong Technology
B8D8120,Glamo Inc.
74E14AA,AStar Design Service
A44F297,Protean Payment
A44F290,Dermalog Identification
3C39E7E,MARPOSS SPA
3C39E7C,VANSTONE ELECTRONICCO
3C39E72,HomeWizard B.V.
D022126,URANO INDUSTRIA DE BALANCAS E
BC6641D,UtilLighting Co.
BC66419,Shenzhen General Measure
BC66416,Intuitive Surgical
BC34001,IPLINK Technology Corp
A43BFAE,The Magstim Company Ltd.
A43BFAA,Plus One Japan Ltd.
BC66411,Global China Technology
B01F815,SHENZHEN GRID TECHNOLOGY CO.
B01F811,Uvax Concepts
F40E11E,Elektronika Naglic d.o.o.
F40E112,Axel srl
7C70BC9,dogtra
7C70BC5,Canary Connect
141FBA7,Wisnetworks Technologies Co.
7C70BCE,HOPERUN MMAX DIGITAL PTE. LTD.
7C70BC0,Shanghai magcomm communication
BC3400B,FARO TECHNOLOGIES
BC34007,Q-PRODUCTS a. s.
B01F81D,TAIWAN Anjie Electronics Co.
A43BFA7,Deatronic srl
A43BFA2,Powell Industries
D07650E,Revox Inc.
D07650A,InventDesign
D076503,TAPKO Technologies GmbH
1C87741,SIGFOX
1C87743,Silora R&D
1C88795,SHENZHENFREELINK ELECTRONIC
1C8879C,Accriva
1C87799,Istria soluciones de
1C87749,Wide World Trade HK ltd.
1C8774B,HABEY USA Inc.
1C88794,Ultraflux
1C88796,Eolos IT Corp
1C8774E,Quest Integrity
78CA834,Pinhole Technology Co.
78CA83E,Konecranes
38B8EBB,ExaScaler Inc.
38FDFE5,CaptiveAire Systems Inc.
5CF2867,Access IS
5CF2862,Shanghai Notion Information
5CF286C,Sunpet Industries Limited
5CF2866,VPInstruments
5CF286A,Unfors Raysafe AB
7C477C5,Midwest Microwave Solutions
5CF286E,Daisen Electronic Industrial
7C477C1,Photosynth Inc.
986D35A,iWave Japan
986D357,Zhejiang Hanshow Technology
50FF99C,Goetting KG
50FF995,Garrison Technology
50FF997,Honeywell International
50FF99B,Sichuan Dowlab Electronics
E0B6F55,Shenzhen Civicom Technology
E0B6F50,BeSTAR Corporation
E0B6F57,Shenzhen Xrinda Technology Ltd
E0B6F5B,Moog Crossbow
E0B6F5C,funktel GmbH
C47C8D1,LYNX INNOVATION LITIMED
C47C8D4,ROBOSTAR
C47C8D7,Awiselink Co.
C47C8D3,Watec Co.
CCD31E1,Rondo Burgdorf AG
CCD31E6,BBPOS International Limited
CCD31E3,KEN A/S
D0D94F9,Hangzhou xiaoben technology
D0D94F7,Private
D0D94F0,Perfant Technology Co.
8C192DD,Pyras Technology Inc.
8C192D4,Charmlink Tech(HK) Co.
8C192DE,Elcon AB
2836384,Dspread Technology (Beijing)
283638A,Bluekey Pty Ltd
CC1BE0F,Private
F40E11F,Private
D07650F,Private
E81863F,Private
F80278F,Private
9802D8F,Private
90C682F,Private
283638D,APPEAK Technology System
1CCAE3F,Private
2836389,Shenzhen Zhi Hua Creative
B0C5CA7,SHENZHEN KTC TECHNOLOGY GROUP
283638E,SCA Hygiene Products AB
F0ACD73,Med-Pat/Inn-Phone
F0ACD75,PAVO TASARIM URETIM TICARET
2836382,SHENZHEN GOSPELL SMARTHOME
F0ACD7D,Smart Power Technology Co.
F0ACD77,Hanju Network Technologies Co.
58E8768,Chengdu Vision-Zenith
58E8766,DivioTec Inc.
84E0F4B,Orchard Electronics Co.
84E0F4C,AIMTRON CORPORATION
84E0F45,Hangzhou Nationalchip Science
84E0F41,MedicusTek Inc.
70F8E77,NST Technology Limited Co.
F81D786,Zengge Co.
F81D784,Digital Imaging Technology
F81D781,ADTECHNO Inc.
383A211,HOBART GmbH
383A212,Shenzhen HS Fiber
383A217,Chengdu Krosslan Technology
AC64DDA,Bluewave Global Manufacturing
AC64DDB,Groupe Citypassenger Inc
4CE173B,Shanghai Ehong Technology Co.
4CE1737,Ersúles Limited
4CE1739,Shenzhen Evolution Dynamics
1CC0E11,Hangzhou Kaierda Electric
1CC0E15,Kids Wireless Inc
1CC0E13,HANGZHOU SOFTEL OPTIC CO.
1CC0E1E,Yun Yang Fire Safety Equipment
1CC0E1A,SECHERON SA
1CC0E17,SHENZHEN KINSTONE D&T DEVELOP
4865EE0,DefPower Ltd
4865EEC,DNV GL
3C39E7F,Private
4865EE4,Mission Microwave Technologies
244E7B2,RCC TIME CO .
244E7B1,sonoscape
244E7B7,Nanjing Wanlida Technology Co.
244E7B3,Shenzhen Ruixunyun Technology
244E7BB,Mighty Audio
7CCBE28,Polarteknik Oy
7CCBE24,Ningbo bird sales co.
7CCBE2D,optilink networks pvt ltd
7419F87,Heptagon Systems PTY. LTD.
500B91B,thumbzup UK Limited
500B91C,Diamond Traffic Products
500B915,jiangsu zhongling high-tech
500B914,Sinope technologies Inc
1CC0E14,Videri Inc.
A4580F3,Engineered SA
A4580FD,EYE IO
40ED981,GuangZhou FiiO Electronics
40ED985,Cape
34049E3,Nanjing Mythware Information
34049EA,i3 International Inc.
50A4D06,PointGrab
34049EE,ND SatCom GmbH
50A4D05,TREXOM S.r.l.
50A4D01,Beijing ANTVR Technology Co.
50A4D0A,Changsha SinoCare
8CC8F4C,Shenzhen KSTAR Science
40F385D,Digital Bros S.p.A.
40F3854,Embedded IQ
40F3859,Fast Precision Technologies
40F3850,SubPac
1CA0D32,NovTech
38FDFEC,New Garden Co.
1CA0D3E,Exicom Tele-Systems Ltd.
A411630,Adetel Equipment
A411637,SHENZHEN YIWANJIA INFORMATION
144FD72,FedEx Services OTI
144FD79,Emerson Network Power Pvt.
144FD7D,Shanghai B&A Technology Co.
144FD73,Qingdao Wodatong Electronics
98AAFC0,Dalian Eastern Display Co.
98AAFC9,BEAM Authentic
98AAFCE,Comarch S.A.
98AAFC8,Beijing Tiandi-Marco
98AAFCC,dots Inc.
08ED023,Jiangsu Logread Network
08ED026,SANGO ELECTRONICS CO
08ED024,Fio Corporation
1C8776C,Strone Technology
1C87795,BEIDIAN GROUP
1C8779B,Beijing Geedeen Technology Co.
1C87794,Novetta
1C87792,SMARTMOVT TECHNOLOGY Co.， LTD
1C87791,A-GEAR COMPANY LIMITED
8439BED,Shenzhen Lidaxun Digital
8439BE9,Guangdong SunMeng Information
8439BEC,EDC Electronic Design Chemnitz
8439BEA,Emotiq s.r.l.
40A36BA,Embrionix Design Inc.
8439BE4,Shenzhen Ramos Digital
40A36B4,SKS-Kinkel Elektronik GmbH
800A803,Beijing VControl Technology
A03E6BD,Jining SmartCity Infotech
C88ED1C,Shanghai Bwave Technology Co.
C88ED1B,Advanced Micro Controls Inc.
C88ED16,Shenyang Machine Tool Research
CC1BE0B,ART&CORE Inc
CC1BE07,Sichuan Dianjia network
CC1BE00,MICROTECH SYSTEM
DC44270,Suritel
B0C5CAE,Audio Elektronik İthalat
B0C5CA9,D&T Inc.
C88ED10,AISWORLD PRIVATE LIMITED
C88ED12,ROTRONIC AG
1C21D16,Wuhan TieChi Detection
DC44276,EK-TEAM Elektronik- u.
DC4427A,Shanghai Huahong Integrated
A03E6B8,718th Research Institute of
A03E6B3,iLoda Solutions Limited
B0C5CA4,shanghai University Ding-Tech
78C2C0D,KORF Inc.
78C2C0A,Ombitron
78C2C03,Ningbo Sanxing Electric Co.
B437D1E,Union Tecnologica Noxium S.L.
B437D19,Nanjing yuekong Intelligent
885D906,Hi-Profile Achievement Sdn Bhd
885D900,FOSHAN HUAGUO OPTICAL CO.
74F8DB8,Songam Syscom Co. LTD.
74F8DB6,Shenzhen Melon Electronics Co.
885D90B,Premier Merchandises Limited
B437D15,Stratom
74F8DBC,TBM CO.
2C6A6F0,Shanghai Shuncom Electronic
2C6A6F1,ELKO EP
9802D8E,Private
549A11D,Hangzhou duotin Technology Co.
549A11A,VendNovation LLC
549A113,Royal Boon Edam International
549A110,Shenzhen Excera Technology Co.
807B85E,Mersen
807B859,SMART ELECTRONICS NZ LIMITED
1CCAE32,Insigma Inc
80E4DAA,Neutronics
1CCAE3E,Dabi Atlante S/A Industrias
1CCAE3B,Dream Visions Co.
1CCAE3A,SIREA
2CD1418,Minno LLC
90C682B,Lachmann & Rink GmbH
80E4DA0,Wheatstone Corporation
64FB819,hiQview Corporation
64FB814,Pricer AB
90C6825,S.A.E.T. S.R.L.
90C6827,Cinet Inc
90C6820,Shenzhen Lencotion Technology
2C6A6FC,Sensity Systems
2C6A6FB,Schneider Electric Korea
2C6A6F8,Milbank Manufacturing Co.
807B853,Zhuhai TOP Intelligence
A0BB3ED,Shenzhen Talent Technology
9802D84,Zedi
28FD808,Jasco Products Company
28FD801,Galileo
2C265F8,Itus Networks
0CEFAF9,Rotel
0CEFAF6,Firmware Design AS
A44F299,Certi Networks Sdn Bhd
A44F293,Comsel System Ltd
A44F295,Shanghai KuanYu Industrial
100723E,First Chair Acoustics Co.
1007234,Audio Engineering Ltd.
2C265F5,Motec GmbH
F802785,Electric Objects
A0BB3E0,Link Labs
28FD80B,Poket Hardware GmbH
3C39E73,ELSA Japan Inc.
E4956E8,PT.MLWTelecom
E4956E7,NationalchipKorea
E4956E2,Shanghai Hoping Technology Co.
E4956E1,Tband srl
E818637,Siliconcube
E818630,DigiMagus Technology Co.
B8D8129,Entotem LTD
74E14AC,Wuhan Shenghong Laser
B01F81E,Advanced & Wise Technology
B01F81A,Steffens Systems GmbH
D02212A,GNS-GmbH
D022129,UAB &quot;SALDA&quot;
D022124,Viatron GmbH
D022120,Spirit IT B.V.
E81863A,JDM Mobile Internet Solution
BC66413,Solectria Renewables
58FCDB6,Timex Group USA Inc
58FCDB7,Open Roads Consulting
BC6641B,Sidus Novum Sp. z o. o.
74E14A8,aritec gmbh
74E14A1,Cerevo Inc.
D07650C,Electro-Motive Diesel
D076507,ENCORED Technologies
D076505,Annapurna Labs
141FBA6,Thales Communications
7C70BC2,Digital Lumens
BC3400E,LLD Technology Ltd.
BC3400D,Hangzhou Linker Digital
BC34009,Shenzhen PHilorise Technical
A43BFA9,SHEN ZHEN PASUN TECH CO.LTD.
A43BFA5,BOI Solutions
A43BFA1,Beijing Uniwill Science
D076501,DAIKEN AUTOMACAO LTDA
7419F8C,Bach Icon ApS
7C70BCC,Lukup Media
7C70BC6,Bidgely
F40E11B,BRADAR INDUSTRIA SA
F40E117,Shenzhen Grandsun Electronic
F40E115,E-SONG
F40E110,realphone technology co.
BC34004,Dexcel Design Pvt Ltd
B01F818,Technion Oy
7419F8A,Tanjarine
7419F83,Essential Trading Systems Corp
7419F80,Marmitek
1C8779E,ASSYSTEM France
1C88791,ANDRA Sp. z o.o.
1C87744,Weber Marking Systems GmbH
1C8774C,New Nordic Engineering
1C88797,Sensys Networks
1C8879B,gekartel AG
78CA836,Nomiku
78CA832,APC
78CA838,IHM
78CA839,Louroe Electronics
78CA83C,Elanview Technology Co.
38B8EB8,CeeNex Inc
38B8EBD,Yellowbrick Data
38B8EB6,MATRIXSTREAM TECHNOLOGIES
38B8EB2,barox Kommunikation GmbH
38B8EBC,Ajax Systems Inc
38B8EBE,Wyres SAS
38FDFE1,WAYTONE COMMUNICATIONS CO.
38FDFEE,iSmart electronic technology
38FDFE8,Indra Navia AS
5CF2864,CHIPSEN Co.
5CF2868,SHENZHEN HIVT TECHNOLOGY CO.
7C477C9,DaLian Cheering Tech Co.
7C477C0,BungBungame Inc
7C477C4,RLC Electronics Systems
7C477CE,I-Convergence.com
986D35D,Praesideo B.V.
986D358,Beijing 3CAVI Tech Co.
986D350,Shenzhen MALATA Mobile
986D354,blossom communications corp.
50FF998,Dolphin Concepts Limited
50FF99D,Shenzhen Haipengxin Electronic
50FF993,Yongjing Shanghai Electronic
50FF992,SHENZHEN KINGVT ELECTRONICS
E0B6F5A,Folksam AB
E0B6F54,Agora
E0B6F5E,Advatek Lighting Pty Ltd
6891D01,Multi Alarm Zrt.
6891D0C,Spraying Systems Co.
C47C8D8,GETEMED Medizin- und
C47C8DB,GC AUTOMATION CO
C47C8DA,Silvus technologies inc
CCD31E0,SAMIM Co
CCD31EC,Fluidic Energy
CCD31E5,NTmore.Co.
CCD31E9,Siemens AG
D0D94FB,MAX Smart Home
D0D94F5,Optigo Networks
D0D94F2,Teco Image Systems Co.
8C192D3,Greenfield Technology
8C192D1,Shenzhen Huanuo Internet
F0ACD72,QUANTUM POWER SYSTEMS
F0ACD71,Intenta GmbH
58E8769,TEM Mobile Limited
58E8765,Broad Air Technology Co.
C0D3913,IXON B.V.
C0D3916,Ernitec
C0D3912,Hofon Automation Co.
C0D391B,Private
84E0F40,ShenZhen Panrich Technology
70F8E79,Kontech Electronics Co.
70F8E70,SHENZHEN Xin JiuNing
70F8E74,CLIP Inc.
4CE173D,KTC(K-TEL)
4865EE3,Data Technology Inc.
4865EE1,Gopod Group Limited
7CCBE26,SY Electronics Limited
7CCBE2B,Easy Broadband Technology Co.
500B917,Shenzhen Xinfa Electronic Co.
500B919,Machfu
500B913,EWIN TECHNOLOGY LIMITED
A4580F5,CoAsia Microelectronics Corp.
A4580FA,GUANGZHOU OPTICAL BRIDGE
A4580FE,Finetree Communications Inc
40ED980,Tsinghua Tongfang Co.
D02212F,Private
100723F,Private
B0C5CAF,Private
2836383,Sabinetek
2836380,Knowles Electronics LLC
8C192D7,SRETT
7C70BCF,Private
A43BFAF,Private
B01F81F,Private
0055DAF,Private
2836381,Panasonic System Solutions
F0ACD7B,Zhejiang Makepower Electronics
84E0F48,RAY Co.
84E0F49,SHENZHEN HCN.ELECTRONICS CO.
84E0F4A,iSolution Technologies Co.
F81D78C,SHENZHUOYUE TECHNOLOGY.
70F8E71,System Level Solutions Pvt.
F81D78A,AVPro Global Holdings LLC
383A21B,Pactron
383A214,Dongguan Innovation Technology
383A21A,Foresight Sports
383A218,Alicat Scientific
AC64DD1,JSC InfoTeCS
383A21E,SDNware technology co.
AC64DD4,8Cups
AC64DD5,SHANGHAI ZTE TECHNOLOGIES CO.
AC64DD8,PFDC ELANCYL
AC64DDC,Beijing Hamigua Technology Co.
AC64DDE,DIGIBIRD TECHNOLOGY CO.
4CE1730,Beijing Sutongwang E-Business
4CE173E,Plus One Japan Limited
1CC0E12,Abbott Medical Optics Inc.
4CE1736,DAIKOKU DENKI CO.
4865EE6,shenzhen sunflower
4865EE9,VideoStitch
244E7B9,UniMAT Automation Technology
4865EE5,Swistec Systems AG
244E7BA,Shenzhen AWT science
500B911,SPD Development Company Ltd
A4580F0,INNOPRO
A4580F4,Shenzhen City billion Leiden
40ED98B,Siebert Industrieelektronik
40ED98A,Integrated Design Ltd
34049ED,uikismart
50A4D03,Guangzhou Hysoon Electronic
50A4D07,Shanghai Pujiang Smart Card
8CC8F49,Swift Navigation Inc
8CC8F41,Lanhomex TechnologyCo.
8CC8F4A,Trilux Group Management GmbH
40F3856,Lennox International
40F3855,KATO ENGINEERING INC.
1CA0D35,Dynamic Connect Hi-Tech
1CA0D37,Private
A411634,AlterG
1CA0D33,SAVELEC
A411631,INTER CONTROL Hermann Köhler
144FD77,Shenzhen V-Streaming
144FD7A,Unirobot Corporation
98AAFC1,SURTEC
08ED028,HANTAS CO.
08ED027,Eleven Engineering
08ED022,TES Touch Embedded Solutions
1C87765,Zhuhai MYZR Technology Co.
1C87793,Visual Land Inc.
1C87790,Wurm
1C87797,TASC Systems Inc.
1C87796,Shenzhen Shouxin Tongda
1C8779C,AllThingsTalk
1C8776A,Jiangsu ETERN COMMUNICATION
40A36B0,Fin Robotics Inc
70886B9,Shenzhen Coolhear Information
70886B4,HORI CO.
70886B5,Chengdu Ophylink Communication
70886B0,Veracity UK Ltd
8439BE2,Cheng Du virtual world
70886BA,RHXTune Technology Co.
70886BC,MAX4G
800A804,LLVISION TECHNOLOGY CO.
1C21D14,Scientific-Production
1C21D11,Ognios GmbH
DC4427E,VerifEye Technologies
DC44278,Wharton Electronics Ltd
DC44274,Nex Technologies PTY LTD
B0C5CA6,SunTech Medical
1C21D1E,p2-plus inc.
1C21D1B,Global Design Solutions Ltd
A03E6B6,Wuhan Rui Ying Tong Network
A03E6B5,Friday Lab
C88ED1E,Aventics GmbH
A03E6B0,s&t embedded GmbH
C88ED18,Electronic Controls Design
CC1BE04,Laserworld (Switzerland) AG
CC1BE03,Shenzhen Vanstor Technology
0055DAE,Victorsure Limited
0055DA8,BroadSoft
0055DA4,Datapath Limited
0055DA9,Quantum Communication
0055DA3,Novexx Solutions GmbH
A03E6BB,KoCoS Messtechnik AG
DC44272,Skywave Technology Co
B0C5CAC,XMetrics
CC1BE0D,NEWSTAR ELECTRONIC DEVELOPMENT
CC1BE09,MobiStor Technology Inc.
74F8DBA,Ballard Technology Inc.
74F8DB4,WiFi Hotspots
74F8DB0,Enercon Technologies
885D90E,Unitac Technology Limited
885D90C,iRoom GmbH
B437D1B,NSI Co.
B437D16,Yireh Auto Tech Co.
B437D12,Fibersystem AB
B437D11,Alturna Networks
74F8DBE,Bernard Krone Holding
885D908,Creative Sensor Inc.
885D902,DAIDONG Industrial System Co.
B0C5CA1,IVK-SAYANY
78C2C0B,Wan Chao An Technology Co.
78C2C07,Guangzhou Hongcai Stage
549A119,Alfen BV
549A116,Orient Direct
549A115,Elotech Industrieelektronik
78C2C04,Ory Laboratory Co.
80E4DA8,Krizer international Co
80E4DA4,Beijing Yuantel Technolgy Co.
80E4DA2,Thurlby Thandar Instruments
2CD141D,Private
807B85B,Oliotalo Oy
807B856,Quickte Technology Co.
807B851,Hangzhou Synway Information
1CCAE38,OxySec S.r.l.
1CCAE35,TengFeng
80E4DAE,Akenori PTE LTD
9802D86,Fritz Kuebler GmbH
9802D81,SHENZHEN ATEKO
A0BB3EB,Beijing Techshino Technology
A0BB3EE,Messtechnik Sachs GmbH
2CD1416,Bowei Technology Company
2CD1413,AOptix Technologies
2CD1410,iCIRROUND Inc
2C6A6F6,Beep
2C6A6F2,NanChang LangJie Technology
9802D8C,AGV spa
9802D88,Simplo Technology Co.
64FB81C,Bridgeport Instruments
64FB81B,Sichuan Haige Actec
64FB817,Securosys SA
90C682D,PowerShield Limited
90C6828,Teletek Electronics
90C6823,Innovative Electronic
64FB810,SHANGHAI SIMCOM LIMITED
64FB812,Seven Solutions S.L
28FD805,Xiaocong Network Limited
2C265FD,E Core Corporation
2C265FA,Polara Engineering
2C265F7,Coremate Technical Co.
2C265F3,shenzhen Clever Electronic Co.
2C265F0,XIAMEN VORLINK IOT TECHNOLOGY
F80278D,Dueton Systems s.r.o.
0CEFAFB,Hubei Century Network
A44F291,Olssen B.V.
3C39E79,Zone Controls AB
3C39E76,RO.VE.R. Laboratories S.p.A
100723A,TESSERA TECHNOLOGY INC.
1007236,ESTONE TECHNOLOGY INC
1007233,Tongfang computer co.Ltd.
F802788,EMBUX Technology Co.
F802783,3Shape Holding A/S
F802781,Reason Tecnologia SA
1007230,RippleTek Tech Ltd
D02212C,Xperio Labs Ltd.
0CEFAF1,Goerlitz AG
A44F29B,GUANGDONG REAL-DESIGN
A44F296,Selektro Power Inc
A0BB3E7,SIMTEC Elektronik GmbH
A0BB3E2,DirectOut GmbH
D022127,Cliptech Industria e Comercio
E81863C,Shenzhen Hipad
B01F81C,Access Device Integrated
B01F816,COMOTA Co.
58FCDB9,Hi-Target Surveying Instrument
58FCDB5,Shenzhen Siecom Communication
58FCDB2,Beseye Cloud Security Co. Ltd.
E4956E5,ELAN SYSTEMS
BC6641E,Lucent Trans Electronics Co.
E818634,Guangzhou Tianyi Electronics
E818633,DongGuan Pengxun Electronics
B8D812E,ZheJiang FangTai Electirc Co.
E4956EC,Shenzhen Arronna Telecom Co.
E4956EB,iConservo Inc
BC66415,Scientific Games
BC66410,InSync Technology Ltd
58FCDBC,Excenon Mobile Technology Co.
74E14A4,open joint stock company
B8D812A,Kiwigrid GmbH
B8D8127,Neuropace Inc.
B8D8123,iModesty Technology Corp.
74E14AE,Diamond Kinetics
A43BFAD,JSC “Component-ASU”
A43BFA6,Recognition Systems LLC
A43BFA3,Circus World Displays Ltd
D076509,Greenwave Scientific
BC3400A,AURALIC LIMITED
BC34006,Cameron
BC34002,LifeSmart
7C70BC4,K-Vision Technology (Shanghai)
B01F812,Private
F40E11D,DXG Technology Corp.
F40E119,Sterna Security
141FBA4,BYZERO
141FBA0,Shenzhen Mining Technology Co.
7C70BCA,Ametek VIS
F40E113,Shenzhen headsun technology
141FBAE,POS Systema LLC
141FBAA,Winsonic Electronics Co.
7419F88,Quest Payment Systems
7419F8E,Volacomm Co.
7419F84,Cloudvue Technologies
1C87742,Nichigaku
1C87747,Ing Buero Ziegler
1C88792,Airsmart System Co.
1C8879D,Beijing Raycores Technology
78CA833,Neofon GmbH
78CA831,Excelocity Inc.
78CA837,Beijing CarePulse Electronic
78CA83D,Hubei Boyuan Zhijia Network
38B8EB3,Aina Wireless Inc
38FDFED,FUBA Automotive Electronics
38FDFE7,Rademacher Geraete-Elektronik
38FDFE3,Siemens AG
38FDFE0,Edge I&D Co.
5CF286B,Itron UK Limited
7C477C2,POWERLAND LIMITED
5CF286D,BrightSky
7C477C3,EyeLock LLC
7C477CB,Hangzhou Yiyitaidi Information
986D351,Shenzhen cositea electronics
986D35C,my-PV GmbH
986D35E,BAYCOM OPTO-ELECTRONICS
50FF994,IPC Global
50FF996,LEGEND WINNER LIMITED
50FF99A,metraTec GmbH
50FF99E,Informa LLC
E0B6F5D,ITEL MOBILE LIMITED
E0B6F53,Huizhou GISUN Industrial CO.
6891D04,G-TECH Instruments Inc.
6891D00,Central Railway Manufacturing
6891D02,Shenzhen NeaTech Intelligence
6891D0A,WiseCube
6891D0B,Altis Technology
C47C8D5,PASCAL Co.
C47C8D9,Airbus DS - SLC
C47C8D2,Star2Star Communications
C47C8D6,HHCC Plant Technology Co.
CCD31EB,Elk Products
CCD31E2,Neptune Systems
CCD31E4,PJG Systementwicklung GmbH
CCD31EE,ShenZhenBoryNet Co.
CCD31E7,Shenzhen Decnta Technology Co.
D0D94F4,peiker CEE
8C192DC,You Zhengcheng co.
8C192D9,ViaWear
BC3400F,Private
7419F8F,Private
1C21D1F,Private
DC4427F,Private
C88ED1F,Private
80E4DAF,Private
885D90F,Private
2836385,CHARGELIB
283638B,ShangHai Canall Information
DC4427D,Rohde&Schwarz Topex SA
F0ACD78,Telefonix Incorporated
F0ACD76,Suzhou Pairlink Network
F0ACD79,U3storage Technologies Co.
F0ACD7C,Simprints Technology Ltd
58E8763,McWong International Inc
58E8767,Chronos Technology Ltd.
58E876C,KUSTOM SIGNALS INC
58E876E, Baoruh Electronic Co.
58E876D,Xiamen Cacamle Technology Co.
C0D3915,WiTagg
C0D391D,REGULUS CO.
58E8764,PROBIT SRL
C0D3911,B9Creations
C0D3910,Fuzhou Jinshi Technology Co.
C0D391A,Alpha Audiotronics
84E0F47,Dantherm
84E0F4E,Scale-Tec Ltd.
70F8E72,VOXX International
70F8E7A,TiVACI CORPORATION PTE LTD
70F8E76,Flexim Security Oy
F81D788,TELEOFIS
F81D785,DACONS
F81D78B,SigmaConnectivityAB
F81D780,Dongguan Shun Hing Plastics
F81D78E,GUANGDONG ENOK COMMUNICATION
383A215,OOO NPP Uraltechnologiya
383A21C,Mission Embedded GmbH
383A219,Skylark Wireless LLC
AC64DD2,Shenzhen PuHua Technology Co.
AC64DDD,HMicro Inc
AC64DD0,Jia-Teng
4CE1733,outpaceIO
4CE173C,REMONDE NETWORK
1CC0E1B,Exigent Sensors
1CC0E10,Shenzhen Highsharp Electronics
4865EE7,Venture Research Inc.
4865EEB,EnBW Energie Baden-Württemberg
244E7B0,Tekelek Europe Ltd
500B912,annapurnalabs
500B91A,New Audio LLC
A4580F7,Changsha Tai Hui Network
A4580FB,ABB AB PGHV
A4580F1,Stone Lock Global
40ED983,Knox Company
40ED989,TeraTron GmbH
40ED982,A-IOX INC.
34049E4,Harbin Yantuo Science
34049E0,GoChip Inc.
34049E2,EFD Induction
34049E9,Private
50A4D08,XinLian'AnBao（Beijing）
8CC8F40,Guardtec
8CC8F46,SHENZHEN D-light Technolgy
8CC8F48,Strongbyte Solutions Limited
8CC8F4E,Evaporcool Solutions
40F385B,URMET Home & Building
40F3858,Teleepoch Ltd
1CA0D3B,Guang Dong He Zheng Network
1CA0D3D,ERATO (HK) Corporation Limited
1CA0D3A,DSM Messtechnik GmbH
1CA0D38,Desarrollos y Soluciones
A411638,Dspread Technology (Beijing)
A411639,accesso Technology Group
A41163A,ISE GmbH
A411635,Carbon
4CE1731,Nexoforge Inc.
144FD70,annapurnalabs
144FD75,FLS FINLAND OY
144FD74,Red Technology Limited
98AAFCD,MCS Micronic Computer Systeme
98AAFC7,Shenzhen Hubsan Technology
08ED02C,Guard RFID Solutions
08ED021,Imperx
1C8776B,Hekatron Vertriebs GmbH
1C8779A,Hangzhou Xiaowen Intelligent
1C87798,ZHEJIANG ITENAL TECHNOLOGY CO.
1C87763,Unjo AB
1C87767,Corporate Systems Engineering
1C87769,Tokyo Drawing Ltd.
8439BE1,Guangzhou Heygears Technology
40A36B8,SFT Co.
40A36B1,TW-TeamWare
40A36B3,Omnitracs
40A36BC,Onion Corporation
40A36BD,FAOD Co.
70886B6,Church & Dwight Co.
70886B8,Cable Matters Inc.
800A806,Beijing Gooagoo Technical
800A802,Sumitomo Wiring Systems
0055DA5,Nanoleaf
0055DA6,OOO DEKATRON
0055DA7,LUCISTECHNOLOGIES（SHANGHAI）
800A800,Golana Technology Co.
CC1BE0A,Matter Labs Pty Ltd
CC1BE01,Beijing Daotongtianxia Co.Ltd.
CC1BE06,IC RealTech
A03E6BE,Nanjing zhanyi software
A03E6B2,Videx Electronics S.p.A.
A03E6B9,Incogniteam Ltd.
B0C5CA8,Astyx GmbH
B0C5CAA,TEM Mobile Limited
DC4427B,Nautilus Infotech CO.
DC44277,EcoGuard AB
C88ED1D,PHOENIX ENGINEERING CORP.
C88ED1A,AP Sensing GmbH
C88ED15,Fibergate.Inc
1C21D1C,Private
C88ED11,German Pipe GmbH
1C21D1D,Liscotech System Co.
1C21D13,Microview Science
1C21D12,Varaani Works Oy
B0C5CA3,abode systems
78C2C02,RONIX incorporated
78C2C00,Shenzhen ELI Technology co.
B437D1D,ZXY Sport Tracking
74F8DB7,Wuhan Tianyu Information
74F8DB2,Shenzhen Ruishi Information
885D90A,Shenzhen Speedrun Technologies
78C2C09,SES
B437D18,eInfochips Limited
B437D14,KOMSIS ELEKTRONIK SISTEMLERI
885D901,ShenZhen Yuyangsheng
885D905,Shenzhen JingHanDa Electronics
2CD1414,Shanghai RW ELE&TEC CO.
2CD1415,ZENIC INC.
90C682A,Beijing Acorn Networks
90C6826,Nanjing Jiexi Technologies Co.
64FB81E,ChengDu KeChuang LongXin
64FB815,Kay Schulze & Karsten Pohle
2C6A6FE,EATON FHF Funke + Huster
90C6821,Shenzhen Photon Broadband
2C6A6F4,TINYCO
2C6A6F5,SHEN ZHEN SIS SCIENCE
1CCAE36,TOKAI RIKA CO.
1CCAE37,Bird Home Automation GmbH
80E4DAB,Nanjing LILO Technology Co.
80E4DAD,Dalian Roiland Technology Co.
80E4DA6,BroadMedia Co.
2CD141E,CITA SMART SOLUTIONS LTD
549A118,Tite
549A117,Niveo International BV
807B85D,Kaynes Technology India Pvt
807B858,IDair
807B854,Quantel USA
9802D8A,HySecurity
F802786,Witium Co.
0CEFAFD,CJSC «Svyaz Engineering»
0CEFAFC,GainStrong Industry Co.
3C39E71,BEWATEC Kommunikationstechnik
1007239,Wireless input technology Inc.
3C39E70,Hannstar Display Corp
1007238,Ion Professional Solutions
1007237,nanoTech Co.
D02212E,u::Lux GmbH
A44F298,Innovations in Optics
A44F294,DGC Access AB
9802D83,Grammer EiA Electronics nv
A0BB3E9,Sandal Plc
A0BB3E5,ManTech International
3C39E7A,iiM AG
3C39E7B,chipsguide technology Co.
3C39E77,Sensor to Image GmbH
3C39E78,Martem AS
0CEFAF2,LUMEL S.A.
0CEFAF3,Engineering Center
A44F29D,HALLIBURTON
28FD804,Digital Signal Corp
2C265FB,Rexgen Inc.
2C265F6,Appostar Technology Co. Ltd
2C265F2,Jiangsu JARI Technology Group
2C265F1,Griessbach
F80278A,Luxul Technology Inc
28FD80E,T-Radio AS
74E14A7,APM Technologies (DongGuan)
74E14A2,KLIMAT SOLEC Sp. z o.o.
E4956EE,Tacom Projetos Bilhetagem
D022121,AIM
E81863E,Acopian Technical Company
E4956E0,SMC Networks
BC6641C,Shenzhen Crave Communication
BC66417,VSN Mobil
BC66418,Shenzhen Yaguang communication
D022125,Shanghai Routech Co.
B8D8121,VOTEM
74E14AB,Loctek Visual Technology Corp.
E4956E9,eZeLink LLC
E4956E3,Shanghai DGE Co.
E818636,ARTECH SOLUTION CO.
E818631,clabsys
B8D812C,Yuwei Info&Tech Development
B8D8125,XIAMEN XINDECO LTD.
BC66412,Process-Electronic Sp. z o.o.
58FCDBE,Applied Device Technologies
58FCDBB,SWARCO TRAFFIC SYSTEMS GMBH
58FCDBA,Xmodus Systems GmbH
58FCDB1,Certis Technology
58FCDB4,Inforce Computing Inc.
58FCDB0,Spang Power Electronics
141FBAC,Swiss Electronic Co.
F40E111,BEIJING DONGJIN AERO-TECH CO.
141FBAD,AJIS(DALIAN)co.
141FBA9,Black Moth Technologies
141FBA8,Shenzhen CATIC Information
141FBA3,Private
141FBA2,Deutsche Energieversorgung
D07650B,PelKorea
D076506,Picobrew LLC
7C70BCD,mk-messtechnik GmbH
7C70BC8,Mennekes Elektrotechnik
BC34000,Redvision CCTV
A43BFAB,ALSTOM Strongwish Co.
B01F810,Dalian GigaTec Electronics Co.
F40E11A,Kodpro Ltd.
F40E116,Alpha Design Technologies Pvt
A43BFA8,Alpwise
D076502,Happo Solutions Oy
7419F8B,IDEXX Laboratories
B01F819,CIDE Interactive
B01F814,SHENZHEN YIFANG DIGITAL
7C70BC1,XD-GE Automation CO.
BC3400C,Parlay Labs dba Highfive
BC34008,MATICA TECHNOLOGIES AG
7419F86,Baudisch Electronic GmbH
7419F82,Symtop Instrument Co.
1C88793,Shenzhen Xiaoxi Technology Co.
1C8879A,ITW-FEG
1C8776E,Artis GmbH
1C88790,Newps co.
1C87745,Xiaoxinge Electronic
1C87748,Surtec Industries
1C8879E,Orion Labs inc
78CA83A,Eksagate Elektronik
78CA83B,Zhejiang Science Electronic
78CA835,Huatune Technology Co.
38B8EB0,Bumjin C&L Co.
38B8EB5,Dojo-Labs Ltd
38B8EB1,1.A Connect GmbH
38B8EBA,SECAD SA
38B8EB7,Private
38FDFE6,Inspero Inc
38FDFE2,B.U.G.SST
5CF2869,Shenzhen VST Automotive
7C477C7,BlueSmart Technology
7C477CC,annapurnalabs
986D356,Vitronic Dr.-Ing. Stein
7C477C8,Shenzhen Eunicum Electric Co.
986D35B,INTECH
986D352,SHENZHEN FISE TECHNOLOGY
50FF990,Simicon
50FF991,Coyote Sytem
50FF999,Sea Eagle Optoelectronic
E0B6F58,Yuneec
E0B6F52,Shanghai- British Information
E0B6F56,POMCube Inc.
2C265FC,AATON DIGITAL
6891D05,NIPK Electron Co.
6891D07,Omniimpex GmbH
6891D08,solvimus GmbH
6891D06,femrice
C47C8DC,INOTEC Sicherheitstechnik GmbH
C47C8D0,ATI
C47C8DD,Anhui GuangXing Linked-Video
C47C8DE,Labor Strauss
CCD31E8,inoage GmbH
CCD31EA,Haishu Technology LIMITED
CCD31ED,CUJO LLC
D0D94FA,Shenzhen FDC Electuonic Co.
D0D94FD,DUKSANMECASYS CO.
D0D94F1,mycable GmbH
D0D94F3,Beijing Yiwangxuntong
D0D94F8,Apption Labs Limited
D0D94F6,Hyundai Autohow
8C192D0,Noritsu Precision Co.
7C477CA,Dspread Technology (Beijing)
1C87760,Dspread Technology (Beijing)
F0ACD70,Guilin glsun Science and Tech
F0ACD7E,Fiziico Co.
58E8760,Private
58E8761,Beijing Perabytes IS
C0D3914,Vernier Software & Technology
C0D3919,xxter bv
C0D391E,SAMSARA NETWORKS INC
84E0F4D,Logos01 Srl
70F8E7E,CUAV
70F8E73,Dr. Simon Consulting GmbH
F81D783,SHANGHAI SUN TELECOMMUNICATION
383A210,R3C Information Co.，Ltd.
383A213,Shanghai Greatwall Safety
AC64DD7,Wittmann Kunststoffgeräte GmbH
4CE1734,Huizhou Dehong Technology Co.
4CE173A,jvi
1CC0E19,Ospicon Company Limited
4865EE2,CaptionCall
4865EEE,CNU
4865EED,Winn Technology Co.
244E7BC,CHUNGHSIN TECHNOLOGY GROUP CO.
7CCBE29,Hangzhou Haohaokaiche
7CCBE2C,mirakonta s.l.
7CCBE23,Astrum Technologies CC
244E7BD,Private
500B91D,Shenzhen Lucky Sonics Co .
7CCBE2E,Aplex Technology Inc.
A4580F2,BLOKS. GmbH
40ED986,Shanghai Broadwan
8C192D5,ELCO(TIANJIN)ELECTRONICS CO.
8C192DA,TeleAlarm SA
A03E6BF,Private
58FCDBF,Private
283638C,Swisson AG
E4956EF,Private
74F8DBF,Private
BC6641F,Private
74E14AF,Private
B8D812F,Private
2C265FF,Private
2C6A6FF,Private
64FB81F,Private
28FD80F,Private
A0BB3EF,Private
2CD141F,Private
2836388,Havells India Limited
84E0F44,PetroInTrade
84E0F43,ASL Intercom B.V.
1C88798,Toshiba Toko Meter Systems Co.
70F8E7C,Fixstars Corporation
F81D78D,Tofino
F81D787,WUHAN GUIDE INFRARED CO.
F81D789,Ophrys Systèmes
383A21D,Colooc AB
AC64DD9,Micro Connect Pty Ltd
AC64DD3,infypower Co.
4865EE8,SmartDisplayer Technology Co.
244E7B4,Leshi Internet Information
244E7B6,Owasys Advanced Wireless
244E7BE,WithWin Technology ShenZhen
244E7B5,Jiangsu Xuanbo Electronic
7CCBE25,DTECH Labs
7CCBE27,Hangzhou Kaicom Communication
A4580F8,AIR LIQUIDE MEDICAL SYSTEMS
40ED98C,BloomSky
40ED98E,BORDA TECHNOLOGY
34049E6,Life Interface Co.
34049E1,Connected IO Inc.
34049EB,Eginity
34049E5,Seeiner Technology Co.
34049EC,Private
50A4D09,OEM PRODUCTION INC.
50A4D00,TRAXENS
50A4D02,Seneco A/S
8CC8F42,Dark Horse Connect LLC
8CC8F4B,PTYPE Co.
8CC8F45,Beijing KXWELL Technology CO.
8CC8F43,TOHO DENKI IND.CO.
40F385A,Creanord
40F3857,PALAZZETTI LELIO SPA
1CA0D34,NPO TELECOM JSC
1CA0D30,OOO Tekhnotronika
1CA0D3C,LYT inc.
1CA0D39,Cirque Audio Technology Co.
1CA0D31,Jabil circuit italia srl
A41163B,Moog Music Inc.
A41163D,SHENZHEN ZHISHI TECHNOLOGY CO.
A411632,Allgo Tech. (Beijing) Co.
144FD7C,D&S Cable Industries (HK)
144FD7B,Arkus-ST Ltd
98AAFCA,SENKO Co.
98AAFC6,Mekotronics Co.
08ED029,Savox Communications
1C87740,Philips Personal Health
1C87761,EBS Sp. z o.o.
1C8779D,Shenzhen Innovaconn Systems
1C87766,philandro Software GmbH
8439BE0,HINO ENGINEERING
40A36BB,Amobile Intelligent Corp.
8439BE6,Shenzhen IP3 Century
8439BEB,Shenzhen Horn Audio Co.
40A36B7,Pella Corporation
40A36B2,TOPROOTTechnology Corp. Ltd.
40A36B9,PH Technical Labs
70886B2,CVnet
70886B1,Bitfinder Inc
0055DAC,Donguan WideLink Communication
0055DAD,Arrow Electronics
0055DAA,Speechlab
0055DAB,Interaxon Inc
0055DA2,Beijing Connected Information
0055DA0,Shinko Technos co.
0055DA1,KoolPOS Inc.
A03E6B7,SinoGrid Software Systems Inc.
C88ED17,Ube
A03E6BC,Qunar.com
A03E6B4,Shenzhen Nufilo Inc.
B0C5CAD,Private
C88ED13,Linx Technologies
1C21D19,Dynojet Research
1C21D1A,LG CNS
1C21D18,Reliatronics Inc.
1C21D15,B-Scada Inc.
1C21D10,Toyo System CO.
CC1BE0C,Guangzhou Southelectric Power
CC1BE08,MDT technologies GmbH
DC44279,Neusoft Corporation
DC44275,Century Audio
DC44271,Tesla Motors
78C2C0C,Shanghai Hanyi Technologies Co
B0C5CA0,EM-Tech
74F8DBD,Simon Electric (China) Co.
74F8DB9,Avantree Corporation
74F8DB5,Provision-ISR
74F8DB1,GHL Advanced Technology
B437D1A,Axiomatic Technologies
B0C5CA5,SYSTOVI
549A11E,Beijing HTSmartech Co.
549A114,eTauro LLC
807B85A,Interplan Co.
90C6824,Neone
2C6A6F7,SM DSP CO.
80E4DA5,CAVALRY STORAGE INC
80E4DA1,Guangzhou Pinzhong Electronic
2CD141C,PIN SHANG LED Co.
2CD141A,Fiberroad Technology Co.
2CD141B,Resus Industries
1CCAE33,Shenzhen Smart Device
1CCAE34,Sunray Medical Apparatus Co.
80E4DA9,Elcus
64FB813,MOBILUS Inc.
1CCAE39,SHIN-YOSHA CORPORATION
2CD1417,XiaMen 35.com Technology Co
2CD1412,IntelliLUM
2CD1411,Ezee Systems Limited
90C682C,Li Seng Technology Ltd.
64FB818,NPG Technology S.A.
885D907,Schmidt & Co.
885D903,CPAC Systems
807B852,Phoenix Co.
0CEFAF7,Syntrans AB
A44F29E,Neotech Systems Pvt. Ltd.
2C265F9,Brüel & Kjaer Vibro GmbH
2C265F4,GTA Electronics Co.
F80278C,Technology Research
F802789,Beijing Redcdn Technology
A44F29A,HTD
A44F292,LUCEOR
F802784,CLARUS Korea Co.
F802780,Digatron Power Electronics
0CEFAFA,chengdu joyotime Technology
9802D85,EBI Ltd.
9802D80,Stoerk-Tronic
A0BB3EC,Ewig Industries Macao
A0BB3E6,Xiamen Kehua Hengsheng Co.
2C6A6F3,Cloudproject Generation Srl
9802D8D,Promicon Elektronik
9802D89,Navroom Beijing
A0BB3E1,IVision Electronics Co.
28FD80A,Apollo Digital (Taiwan) Ltd.
28FD806,Vigil Monitoring
3C39E75,Attrackting AG
3C39E74,University of British Columbia
28FD807,University of York
28FD800,Millcode
2C265FE,Hysentel Technology Co.
B8D8128,Visual Productions BV
B8D8122,IPM Sales and service Co.
74E14AD,Knog Pty Ltd
74E14A9,Kanto Aircraft Instrument Co.
BC66414,ARGUS-SPECTRUM
58FCDBD,XIAMEN LEELEN TECHNOLOGY CO.
58FCDB8,Shanghai Qianjin Electronic
1007231,Beijing Assem Technology Co.
D02212B,Schleifenbauer Holding BV
D022128,Shenzhen SIC Technology. Co.
100723B,Fujian Quanzhou Dong Ang
1007235,BEIJING SOOALL INFORMATION
1007232,Diginet Control Systems Pty
E4956E6,SHENZHEN JOYETECH ELECTRONICS
B8D812B,Docobo Limited
BC6641A,EBlink
E81863B,Protek Electronics Group Co.
74E14A5,UTU Oy
74E14A0,Altenburger Electronic GmbH
F40E11C,NIHON MEGA LOGIC CO.
F40E118,Zeepro Inc.
F40E114,Dayang Technology Development
141FBAB,Newings Communication CO.
141FBA5,Inttelix Brasil Tecnologia e
A43BFAC,SHANGHAI XIETONG TECHNOLOGY
A43BFA4,Maxon Australia
141FBA1,GloQuad
7C70BC7,Nomad Digital Ltd.
7C70BCB,Tohan　Engineering　Co
A43BFA0,Chengdu Territory Technology
D07650D,tecnotron elekronik gmbh
D076508,Accumulate AB
D076504,Private
58FCDB3,Custom Biogenic Systems
B01F81B,Rademacher Geraete-Elektronik
BC34005,NDSL
BC34003,Altronix Corporation
B01F817,Aether Services
B01F813,Sound United
7C70BC3,FLEXIM GmbH
7419F89,Princip a.s.
7419F85,Starcor Beijing Co.
D076500,CentrAlert
7419F8D,Ansjer Electronics Co.
7419F81,Trend-tech Technology Co.
1C8774D,CLABER SPA
1C87746,Schawbel Technologies LLC
1C8774A,Nebbiolo Technologies
78CA830,DAINCUBE
38B8EB4,UMLOGICS
38B8EB9,NHS Sistemas de Energia
38FDFEA,Management Service Corporation
38FDFEB,Swedish Adrenaline AB
38FDFE4,New Telecom Solutions LLC
5CF2860,Hangzhou Signwei Electronics
5CF2863,beijing your wonderful control
5CF2865,EUROIMMUN Medizinische
5CF2861,iSon Tech
7C477C6,Zerosystem LTD.Co
7C477CD,Speedifi Inc
986D359,Private
986D353,DH Mechatronic AG
986D355,PDAHL
E0B6F59,Motiveprime Consumer
E0B6F51,START TODAY CO.
6891D09,QUANTEX
6891D0D,Fuzhou x-speed information
6891D03,Ambitio LLC
6891D0E,Outstanding Technology Co.
D0D94FC,ARROWAVE TECHNOLOGIES LIMITED
F0ACD7A,Groupeer Technologies
F0ACD74,Sercomm Corporation.
58E876B,annapurnalabs
58E876A,SHENZHEN DIGISSIN TECHNOLOGY
58E8762,Coala Life AB
C0D3917,ALNETz Co.
C0D3918,XENA SECURITY LIMITED
C0D391C,Zhinengguo technology company
84E0F42,Hangzhou Uni-Ubi Co.
84E0F46,Liaoning IK'SONYA Science
383A216,Shenzhen Smart-core Technology
4CE1735,NewVastek
AC64DD6,Kpnetworks Ltd.
1CC0E18,LX Corporation Pty Ltd
4865EEA,Shenzhen Inpor cloud Computing
244E7B8,Cyber1st
7CCBE2A,Shanghai Institute of Applied
7CCBE21,CeoTronics AG
A44F29F,Private
A4580F9,Ksenia Security srl
A4580FC,Homebeaver
A4580F6,Astro
40ED984,Kendrion Kuhnke Automation
40ED987,Vaisala Oyj
2836387,Innovative Technology Ltd
800A80F,Private
B437D1F,Private
0CEFAFF,Private
78C2C0F,Private
141FBAF,Private
549A11F,Private
807B85F,Private
2836386,Georg Neumann GmbH
8C192D8,Shenzhen Cylan Technology Co.
8C192D2,DataRemote Inc.
D0D94FE,APPOTRONICS CO.
8C192D6,smartHome Partner GmbH
8C192DB,Abside Networks
70F8E7D,System-on-Chip engineering
70F8E78,Eclipse Security
70F8E75,Beijing Eehuu Technology Co.
70F8E7B,Photonfocus AG
F81D782,Xperio Labs Limited
0CEFAF0,Kenmore
78C2C06,SICHUAN TIANYI COMHEART
4CE1732,Lenovo Data Center Group
4CE1738,Nanjing Tongke Technology
1CC0E1D,NewLand Communication Tech
1CC0E16,Monument Labs
1CC0E1C,Nitto Seiko
100723C,Shenzhen Xinfa Electronic Co.
7CCBE20,Heyuan Yongyida Technology
7CCBE22,1000eyes GmbH
500B918,Panasonic Enterprise Solutions
500B910,Igor
500B916,Security Alarms & Co. S.A.
500B91E,Shenzhen zhong ju Fiber
40ED98D,Hangzhou GANX Technology Co.
40ED988,GUANGZHOU AURIC INTELLIGENT
34049E8,Eclipse Information
34049E7,Pebble Technology
50A4D04,Raven Industries Inc.
50A4D0D,Axel Technology
50A4D0C,Beijing YangLian Networks
50A4D0E,Sagetech Corporation
50A4D0B,ZHENG DIAN ELECTRONICS LIMITED
8CC8F4D,Beijing Xinxunxintong
8CC8F47,Private
8CC8F44,ITECH Electronic Co.
40F3852,Beijing Zongheng
40F3853,IntelliDesign Pty Ltd
40F3851,Johnson Matthey
40F385C,Clixxo Broadband Private
40F385E,BBB Inc.
1CA0D36,Intertecno SRL NISUTA
A411636,Beijing XiaoRui Technology Co.
A411633,Pax
A41163C,Viloc
A41163E,tinylogics
144FD78,NPort Networks Inc.
144FD76,i-SENS
144FD71,Zehnder Group AG
144FD7E,Edan Instruments
98AAFC5,SPM Instrument AB
98AAFC2,Shenzhen UniStrong Science
38FDFE9,OOO Group of Industrial
98AAFC4,RPE RADICO
98AAFC3,Nexus Electrical(Jiaxing)
98AAFCB,Resonant Systems Inc.
08ED025,Vigitron Inc.
08ED02D,Origami Energy Ltd
08ED020,D2SLink Systems
