70B3D5913,Shenzhen Riitek Technology Co.
70B3D588A,Perceptics
70B3D5001,SOREDI touch systems GmbH
70B3D5D70,Rational Production srl
70B3D5426,Zehnder Group Nederland
70B3D5266,Spectra Displays Ltd
70B3D5D38,Vista Research
70B3D5996,XpertSea Solutions inc.
70B3D5605,Aplex Technology Inc.
70B3D516E,Jemac Sweden AB
70B3D5671,Sea Shell Corporation
70B3D57EC,GRIDSMART Technologies
70B3D5AF9,Critical Link LLC
70B3D5D59,WyreStorm Technologies Ltd
70B3D5A3C,Wave Music Ltd
70B3D5FC1,InDiCor
70B3D5BB2,Mettler Toledo Hi-Speed
70B3D514F,Mobile Devices Unlimited
70B3D5891,neocontrol soluções em
70B3D501E,ePOINT Embedded Computing
70B3D5C9D,APG Cash Drawer
70B3D534C,GLT Exports Ltd
70B3D5B51,Critical Link LLC
70B3D5D29,Sportzcast
70B3D513B,Sienna Corporation
70B3D537F,IDS Innomic GmbH
70B3D5694,MoviTHERM
70B3D5B28,HUSTY M.Styczen J.Hupert sp.j.
70B3D514E,Innosonix GmbH
70B3D5185,R&D Gran-System-S LLC
70B3D55B1,EPD Electronics
70B3D5EAE,Orlaco Products B.V.
70B3D5066,North Pole Engineering
70B3D557D,WICOM1 GmbH
70B3D5E77,OPTIX JSC
70B3D5740,Prisma Telecom Testing Srl
70B3D584E,Chromalox
70B3D5817,Aplex Technology Inc.
70B3D543B,Kalycito Infotech Private
70B3D5C88,SINED srl
70B3D5CD6,VideoRay LLC
70B3D5A1D,Fluid Components International
70B3D5079,CheckBill Co
70B3D58FF,IMST GmbH
70B3D5DC0,ATEME
70B3D5F79,Firehose Labs
70B3D5404,RANIX
70B3D552D,Tanaka Electric Industry Co.
70B3D5BE5,Pantec Engineering AG
70B3D5D90,Aplex Technology Inc.
70B3D545F,Cloud4Wi
70B3D535E,EIDOS s.p.a.
70B3D5F96,Ecologicsense
70B3D50D8,Laser Imagineering GmbH
70B3D57E4,C21 Systems Ltd
70B3D5995,LayTec AG
70B3D5957,EA Elektroautomatik
70B3D54DD,Road-iQ
70B3D5FBA,Apogee Applied Research
70B3D563B,Lazer Safe Pty Ltd
70B3D56D1,Visual Engineering
70B3D50DF,B.E.A. sa
70B3D5342,Solectrix
70B3D5E20,Signature Control Systems
70B3D5538,sydetion UG (h.b.)
70B3D52DC,Bolide Technology Group
70B3D5B85,Fenotech Inc.
70B3D52EE,Aplex Technology Inc.
70B3D51E5,VendNovation LLC
70B3D5FE7,VEILUX INC.
70B3D508F,DEUTA-WERKE GmbH
70B3D5E55,BELT S.r.l.
70B3D588F,Quaesta Instruments
70B3D5835,CommBox P/L
70B3D5730,Videogenix
70B3D55A9,Bunka Shutter Co.
70B3D5714,Alturna Networks
70B3D52A7,Plasmability
70B3D5D7A,Speedifi Inc
70B3D5737,SD Biosensor
70B3D56DA,Enovative Networks
70B3D50D7,Russian Telecom Equipment
70B3D546F,serva transport systems GmbH
70B3D5A00,ATX NETWORKS LTD
70B3D51AF,Teenage Engineering AB
70B3D55C8,YUYAMA MFG Co.
70B3D5D9C,Subinitial LLC
70B3D5923,eumig industrie-tv GmbH
70B3D578B,Jingtu Printing Systems Co.
70B3D54BB,Plazma-T
70B3D5DF2,AML
70B3D5CB8,Verti Tecnologia
70B3D5A97,Bizwerks
70B3D5417,Figment Design Laboratories
70B3D5CF6,Tornado Modular Systems
70B3D591E,Creotech Instruments S.A.
70B3D5775,Sonel S.A.
70B3D55FD,Windar Photonics
70B3D5078,OrbiWise SA
70B3D5B78,HOERMANN GmbH
70B3D5D61,VITEC
70B3D5F78,Manvish eTech Pvt. Ltd.
70B3D5146,3City Electronics
70B3D515F,SAVRONİK ELEKTRONİK
70B3D54DC,JK DEVICE CORPORATION
70B3D5341,Vtron Pty Ltd
70B3D5875,Peek Traffic
70B3D56A5,Akenori PTE LTD
70B3D56E0,ABB SPA - DMPC
70B3D5C5B,ACD Elektronik GmbH
70B3D5030,Tresent Technologies
70B3D57CD,Molekuler Goruntuleme A.S.
70B3D55EA,KYS
70B3D57B3,BroadSoft Inc
70B3D5C39,MeshWorks Wireless Oy
70B3D5660,Smart Service Technologies CO.
70B3D5EFE,MEIDEN SYSTEM SOLUTIONS
70B3D5C60,Aircell Inc
70B3D5C03,XAVi Technologies Corp.
70B3D50FF,INTERNET PROTOCOLO LOGICA SL
70B3D5502,Glidewell Laboratories
70B3D56F8,SENSEON Corporation
70B3D535D,Fresh Idea Factory BV
70B3D5344,IHI Inspection
70B3D53DB,KST technology
70B3D54CD,Power Electronics Espana
70B3D522E,Private
70B3D5EA3,Gridless Power Corperation
70B3D5A5A,RCS Energy Management Ltd
70B3D513A,DEUTA-WERKE GmbH
70B3D575D,Nanjing Magewell Electronics
70B3D50EC,ACS MOTION CONTROL
70B3D51F5,Martec S.p.A.
70B3D522B,VITEC
70B3D5708,IBM Research GmbH
70B3D5C81,DSP DESIGN
70B3D5FA1,BBI Engineering
70B3D560C,IST ElektronikgesmbH
70B3D5936,FARO TECHNOLOGIES
70B3D5EF2,Kongsberg Intergrated Tactical
70B3D5C58,RMI Laser LLC
70B3D5507,Human Oriented Technology
70B3D5BC6,Hatteland Display AS
70B3D555D,LunaNexus Inc
70B3D5DF3,SPC Bioclinicum
70B3D5CF1,LightDec GmbH & Co. KG
70B3D58DC,Niveo International BV
70B3D5D1E,Houston Radar LLC
70B3D554D,Qingdao Haitian Weiye
70B3D5A15,Intercore GmbH
70B3D545E,eSOL Co.
70B3D5B88,ARP Corporation
70B3D5BBE,Sunrise Systems Electronics
70B3D5CBC,Procon Electronics Pty Ltd
70B3D52DA,Skywave Networks Private
70B3D5B08,Secuinfo Co. Ltd
70B3D533C,Videri Inc.
70B3D53E5,ATEME
70B3D5FC5,Eltwin A/S
70B3D5ECF,Ipitek
70B3D5099,Schwer+Kopka GmbH
70B3D57E7,Atessa
70B3D539B,IROC AB
70B3D53CE,Aditec GmbH
70B3D5190,Fantom Wireless
70B3D56B6,INRADIOS GmbH
70B3D529D,XTech2 SIA
70B3D5814,Ingenieurbuero SOMTRONIK
70B3D542F,SINTOKOGIO
70B3D5702,Sensor Highway Ltd
70B3D50E0,PLCiS
70B3D5EDC,J.D. Koftinoff Software
001BC50C9,UAB Kitron
001BC50C8,Dialine
70B3D551E,Fundación Cardiovascular de
70B3D5EB0,Nautel Limted
70B3D5625,VX Instruments GmbH
70B3D5D86,WPGSYS Pte Ltd
70B3D54C8,Hosokawa Micron Powder Systems
001BC50B4,COBAN SRL
001BC50AE,Techlan Reti s.r.l.
001BC50C2,TechSolutions A/S
001BC50BF,TN Core Co.
001BC50BE,YESpay International Ltd
001BC50B9,Denki Kogyo Company
001BC50B8,Private
001BC50B5,Exibea AB
001BC50C3,inomatic GmbH
001BC50AF,Enerwise Solutions Ltd.
001BC50A5,Tesla Controls
001BC50A0,HomerSoft sp. z o.o.
001BC509F,ENTE Sp. z o.o.
001BC50AB,Private
001BC50AA,Senceive Ltd
001BC50A4,RADMOR S.A.
001BC509A,Shenzhen Guang Lian Zhi Tong
001BC5099,UAB Kitron
001BC5098,Cubic Systems
001BC5096,Sanstreak Corp.
001BC5095,PREVAC sp. z o.o.
001BC508F,Unilever R&amp;D
001BC508E,TrendPoint Systems
001BC508B,Nistica
001BC508C,Triax A/S
001BC5090,Seven Solutions S.L
001BC507D,Greatcom AG
001BC5079,HPI High Pressure
001BC5083,DIWEL
001BC5065,Plair Media Inc.
001BC506F,LLC Emzior
001BC5073,tado GmbH
001BC5069,Datasat Digital Entertainment
001BC5051,QQ Navigation AB
001BC505F,Klingenthaler Musikelektronik
001BC505B,konzeptpark GmbH
001BC5055,LUMIPLAN TRANSPORT
001BC5047,PT. Amanindo Nusapadu
001BC504B,Silicon Controls
001BC5041,DesignA Electronics Limited
001BC503D,rioxo GmbH
001BC503C,Xiphos Systems Corp.
001BC5037,ITW Reyflex North America
001BC5033,JE Suunnittelu Oy
001BC5032,Osborne Coinage Co
001BC5036,LOMAR SRL
001BC5035,RTLS Ltd.
001BC502D,DDTRONIK Dariusz Dowgiert
001BC502C,Care Everywhere LLC
001BC502B,Saturn South Pty Ltd
001BC5029,2 FRANCE MARINE
001BC5028,STECHWIN.CO.LTD.
001BC5017,cPacket Networks
001BC500E,Vigor Electric Corp
001BC5013,Zamir Recognition Systems Ltd.
001BC5014,Private
001BC5009,Solomon Systech Pte Ltd
001BC500A,Mercury HMI Ltd
001BC500D,Advanced Scientific Concepts
001BC5004,Intellvisions Software Ltd
001BC5003,MicroSigns Technologies Inc
001BC5000,Converging Systems Inc.
70B3D541A,HYOSUNG Power & Industrial
70B3D5BAB,Axotec Technologies GmbH
70B3D569E,PTYPE Co.
70B3D575C,UPM Technology
70B3D5124,Forschungs- und
70B3D5F6D,Qowisio
70B3D5578,IMAGE TECH CO.
70B3D5187,Elektronik & Präzisionsbau
70B3D50EE,Picture Elements
70B3D528A,Transit Solutions
70B3D55A0,Ascon Tecnologic S.r.l.
70B3D5A6F,8Cups
70B3D5929,OutSys
70B3D5120,GSP Sprachtechnologie GmbH
70B3D523E,Tornado Modular Systems
70B3D5EA2,Transportal Solutions Ltd
70B3D545D,Sensapex Oy
70B3D58B0,IES S.r.l.
70B3D5FB6,KRONOTECH SRL
70B3D5EB7,Skreens
70B3D538F,Sorynorydotcom Inc
70B3D57E9,Mecsel Oy
70B3D506C,AppTek
70B3D5818,CRDE
70B3D5895,Integrated Control Corp.
70B3D5232,UCONSYS
70B3D501A,Cubro Acronet GesmbH
70B3D537B,Power Ltd.
70B3D5FCC,DIgSILENT GmbH
70B3D5FD8,MB connect line
70B3D576B,EMPELOR GmbH
70B3D50B8,Lucas-Nülle GmbH
70B3D5FEB,Les distributions Multi-Secure
70B3D5658,emperor brands
70B3D53A9,Vivalnk
001BC5087,Onnet Technologies
70B3D5720,Private
70B3D56BF,Otto Bihler Maschinenfabrik
70B3D5194,Husty M.Styczen J.Hupert Sp.J.
70B3D5742,YUYAMA MFG Co.
70B3D5493,Impulse Networks Pte Ltd
70B3D5BB7,Innoflight
70B3D5B31,Qwave Inc
70B3D5DA8,Tagarno AS
70B3D5ADE,ISAC SRL
70B3D5E85,Explorer Inc.
70B3D5F3C,Gigaray
70B3D5F13,MEDIAM Sp. z o.o.
70B3D5295,Cello Electronics (UK) Ltd
70B3D5283,TextNinja Co.
70B3D5D66,Ascendent Technology Group
70B3D53A5,KMtronic ltd
70B3D56A0,Active Research Limited
70B3D5E3E,Sol Welding srl
70B3D54AE,Reinhardt System- und
70B3D538C,MiraeSignal Co.
70B3D5B1D,Safelet BV
70B3D504C,mapna group
70B3D56EC,CRDE
70B3D5ABA,CL International
70B3D565A,Aplex Technology Inc.
70B3D5FFE,Private
70B3D5721,Zoe Medical
70B3D5186,Rohde&Schwarz Topex SA
70B3D53BC,SciTronix
70B3D5BE6,CCII Systems (Pty) Ltd
70B3D5BD2,Burk Technology
70B3D5925,Diamante Lighting Srl
70B3D5C8B,Asia Pacific Satellite
70B3D57B4,Zumbach Electronic AG
70B3D5B11,CAB S.R.L.
70B3D5513,MB connect line
70B3D5F99,TEX COMPUTER SRL
70B3D53A7,Varikorea
70B3D5174,Carlson Wireless Technologies
70B3D57D5,SICS Swedish ICT
70B3D5448,B/E Aerospace
70B3D5A53,GS Industrie-Elektronik GmbH
70B3D5BE3,Saratov Electrounit Production
70B3D5AAD,Bartec GmbH
70B3D5E82,RF Track
70B3D585D,ATHREYA INC
70B3D5821,HL2 group
70B3D5938,JETI Technische Instrumente
70B3D5A21,PPI Inc.
70B3D5E4F,RWS Automation GmbH
70B3D55C4,TATTILE SRL
70B3D567B,Stesalit Systems Ltd
70B3D51C8,LDA audio video profesional
70B3D5142,DAVE SRL
70B3D5666,Aplex Technology Inc.
70B3D56A8,Vitsch Electronics
70B3D5EBD,midBit Technologies
70B3D5A8E,OMESH CITY GROUP
70B3D5779,DR.BRIDGE AQUATECH
70B3D5F5C,Nable Communications
70B3D5550,Merten GmbH&CoKG
70B3D51BB,EFENTO T P SZYDŁOWSKI K ZARĘBA
70B3D5498,XGEM SAS
70B3D5AAA,Xemex NV
70B3D5197,Lattech Systems Pty Ltd
70B3D5593,Asis Pro
70B3D522F,Instec
70B3D5DD8,EMSCAN Corp.
70B3D5ACD,CRDE
70B3D5BCC,MB connect line
70B3D55D6,BMT Messtechnik Gmbh
70B3D53BE,MyDefence Communication ApS
70B3D5289,Shenzhen Rongda Computer Co.
70B3D5C3E,DOSADORES ALLTRONIC
70B3D59FB,Unicom Global
70B3D524D,INFO CREATIVE (HK) LTD
70B3D5A36,Beijing DamingWuzhou
70B3D59F8,Asymmetric Technologies
70B3D5A85,exceet electronics GesmbH
70B3D5AC5,ATOM GIKEN Co.
70B3D5F07,DUVAL MESSIEN
70B3D5939,Invertek Drives Ltd
70B3D56D0,Code Blue Corporation
70B3D52C3,Proterra
70B3D5816,Smith Meter
70B3D5693,Altron
70B3D55D3,Supracon AG
70B3D52AD,Opgal Optronic Industries
70B3D58EC,Rudy Tellert
70B3D5CF5,Petring Energietechnik GmbH
70B3D5FF7,Cybercom AB
70B3D5DCC,Eutron SPA
70B3D5269,Gilbarco Veeder-Root ‎
70B3D5173,National TeleConsultants LLC
70B3D515C,Woods Hole Oceanographic
70B3D5CAE,THEMA
70B3D55BC,LAMTEC Meß- und Regeltechnik
70B3D51B8,OES Inc.
70B3D585A,BRUSHIES
70B3D5FAF,Radig Hard & Software
70B3D57A2,Alpha ESS Co.
70B3D50BC,Practical Software Studio LLC
70B3D5724,Quan International Co.
70B3D553B,Mr.Loop
70B3D5EBE,Sierra Pacific Innovations
70B3D5103,HANYOUNG NUX CO.
70B3D504A,Gecko Robotics Inc
70B3D5D60,Flintab AB
70B3D51B4,5nines
70B3D5522,Syncopated Engineering Inc
70B3D578E,effectas GmbH
70B3D5CC1,BEEcube Inc.
70B3D59D4,Transas Marine Limited
70B3D5AE2,Transas Marine Limited
001BC5015,Private
70B3D5476,FR-Team International SA
70B3D5326,NEMEUS-SAS
70B3D5FE6,SHIZUKI ELECTRIC CO.
70B3D5943,Abbott Medical Optics Inc.
70B3D5AE0,AnyComm.Co.
70B3D52B3,HAS co.
70B3D5D5A,WyreStorm Technologies Ltd
70B3D5CB6,Kuebrich Ingeniergesellschaft
70B3D50BE,ChamSys Ltd
70B3D51E0,TOPROOTTechnology Corp. Ltd.
70B3D50C8,Fin Robotics Inc
70B3D574A,Mettler Toledo Hi-Speed
70B3D539D,Comark Interactive Solutions
70B3D5D07,Waversa Systems
70B3D54D1,Contraves Advanced Devices
70B3D5771,Apator Miitors ApS
70B3D5CA9,Nxcontrol system Co.
70B3D5EDF,GridNavigator
70B3D520A,Golden Grid Systems
70B3D5517,ISPHER
70B3D5140,Virta Laboratories
70B3D59F0,FUJICOM Co.
70B3D576F,OTI LTD
70B3D54EB,INFOSOFT DIGITAL DESIGN
70B3D5D12,FIDELTRONIK POLAND SP. Z O.O.
70B3D58F0,ERAESEEDS co.
70B3D5EE5,Beijing Hzhytech Technology
70B3D5BED,Itrinegy Ltd.
70B3D5AF5,Net And Print Inc.
70B3D564A,Netbric Technology Co.
70B3D5ECA,Transtronic AB
70B3D5852,NetBoxSC
70B3D5E76,Dorsett Technologies
70B3D5172,LumiGrow
70B3D58A4,Phyton
70B3D5166,SERIAL IMAGE INC.
70B3D5E59,FRACARRO SPA
70B3D576D,Trimble
70B3D5F73,ASL Holdings
70B3D5D0E,Beijing Aumiwalker technology
70B3D5827,Metromatics Pty Ltd
70B3D5F54,Revolution Retail Systems
70B3D5B91,Dynetics
70B3D54DE,Oso Technologies
70B3D5916,Techno Mathematical Co.
70B3D5958,pureLiFi Ltd
70B3D54F4,WiTagg
70B3D5F4C,Global Lightning Protection
70B3D5789,SEMEX-EngCon GmbH
70B3D5CFD,iLOQ Oy
70B3D5BAD,Technik & Design GmbH
70B3D5324,Thales Nederland BV
70B3D5935,Sensor Developments
70B3D5431,Power Electronics Espana
70B3D5C73,C.D.N.CORPORATION
70B3D5D80,AMMT GmbH
70B3D5D0A,Private
70B3D5CE3,Dalcnet srl
70B3D5AB5,BroadSoft Inc
70B3D59CA,KOMSIS ELEKTRONIK SISTEMLERI
70B3D50E6,Nasdaq
70B3D5087,Tempus Fugit Consoles bvba
70B3D57B7,LSB - LA SALLE BLANCHE
70B3D5E30,QUISS AG
70B3D5D2D,Evolute Systems Private
70B3D5B35,Rexxam Co.
70B3D579B,Soniclean Pty Ltd
70B3D5F72,Hanshin Electronics
70B3D5AA8,West-Com Nurse Call Systems
70B3D5DF6,Tiab Limited
70B3D53E3,Head
70B3D5285,Bentec
70B3D544E,Solace Systems Inc.
70B3D513F,Farmobile
70B3D5D48,HEADROOM Broadcast GmbH
70B3D599F,Confed Holding B.V.
70B3D5AE3,Zhejiang Wellsun Electric
70B3D5BEF,Sensortech Systems Inc.
70B3D5B24,Datasat Digital Entertainment
70B3D50C1,Nexus Technologies Pty Ltd
70B3D5E6E,Lieron BVBA
70B3D501C,Kumu Networks
70B3D5799,Vitec System Engineering Inc.
70B3D5DE8,Nation-E Ltd.
70B3D583F,Lumine Lighting Solutions Oy
70B3D5E23,Smith Meter
70B3D5A6E,JSC Electrical Equipment
70B3D5F7E,Alpha Elettronica s.r.l.
70B3D541E,Redler Computers
70B3D5D0D,Logiwaste AB
70B3D5F2C,Hengen Technologies GmbH
70B3D5459,Protium Technologies
70B3D5811,CJSC «INTERSET»
70B3D56ED,Wiingtech International Co.
70B3D5F39,Zenros ApS
70B3D5C56,TELETASK
70B3D5E58,Thurlby Thandar Instruments
70B3D50AB,KST technology
70B3D5062,RM Michaelides Software
70B3D571E,Motec Pty Ltd
70B3D58E0,SOUDAX EQUIPEMENTS
70B3D5412,TATTILE SRL
70B3D5E75,Nke
70B3D5DE7,Innominds Software Private
70B3D51F4,Hangzhou Woosiyuan
70B3D5092,inomed Medizintechnik GmbH
70B3D51A1,HMicro Inc
70B3D5B8D,JungwooEng Co.
70B3D520C,Siemens Healthcare Diagnostics
70B3D5709,AML
70B3D5682,Rosslare Enterprises Limited
70B3D50A4,Communication Technology Ltd.
70B3D5A99,Bandelin electronic
70B3D57EF,CRAVIS CO.
70B3D5A62,Environexus
70B3D5E92,FUJI DATA SYSTEM CO.
70B3D5C6D,Cyviz AS
70B3D5C43,Future Skies
70B3D5D4E,FLSmidth
70B3D51AC,SVP Broadcast Microwave S.L.
70B3D5090,POWERCRAFT ELECTRONICS PVT.
70B3D53F1,Olympus NDT Canada
70B3D59A7,Honeywell
70B3D5DC5,Excel Medical Electronics LLC
70B3D501D,Weigl Elektronik
70B3D5F68,AL ZAJEL MODERN TELECOMM
70B3D5DEC,Condev-Automation GmbH
70B3D5564,christmann informationstechnik
70B3D5E07,Baader Planetarium GmbH
70B3D528E,TEX COMPUTER SRL
70B3D5655,AOT System GmbH
70B3D5A2F,Botek Systems AB
70B3D5B15,Eta Beta Srl
70B3D5B2A,Myro Control
70B3D5433,Flexsolution APS
70B3D5077,InAccess Networks SA
70B3D55E8,VITEC
70B3D50FB,Cygnus LLC
70B3D5DDD,BIO RAD LABORATORIES
70B3D554E,RFL Electronics
70B3D5BBD,Providius Corp
70B3D5C78,NETA Elektronik AS
70B3D5BCA,Deymed Diagnostic
70B3D5EE4,O-Net Automation
70B3D55B5,Lehigh Electric Products Co
70B3D5B8C,ePOINT Embedded Computing
70B3D540A,Monroe Electronics
70B3D5109,DITEST FAHRZEUGDIAGNOSE GMBH
70B3D5F63,Ars Products
70B3D50AA,Wanco Inc
70B3D53ED,Ultra Electronics Sonar System
001BC50C1,EREE Electronique
001BC50C0,Digital Loggers
001BC50C7,WIZZILAB SAS
001BC50B3,FSM Solutions Limited
001BC50BD,Bridge Diagnostics
001BC50AD,Tierra Japan Co.
001BC50A9,Elektrometal SA
001BC50B7,Autelis
001BC50A3,P A Network Laboratory Co.
001BC50A1,Hangzhou Zhiping Technology
001BC5097,Plexstar Inc.
001BC5094,reelyActive
001BC509B,YIK Corporation
001BC509E,K+K Messtechnik GmbH
001BC508D,EUREK SRL
001BC5091,3green ApS
001BC508A,Topicon
001BC507C,head
001BC5078,Donbass Soft Ltd and Co.KG
001BC5082,TGS Geophysical Company (UK)
001BC5085,Oberon microsystems
001BC5086,CAST Group of Companies Inc.
001BC5064,Enkora Oy Ltd
001BC505E,Ecomed-Complex
001BC506E,Two Dimensional Instruments
001BC5068,HCS KABLOLAMA SISTEMLERI SAN.
001BC5072,Ohio Semitronics
001BC505A,POSTEC DATA SYSTEMS
001BC504A,Certis Technology
001BC5054,Private
001BC5050,TeliSwitch Solutions
001BC5046,Trans-European Research
001BC5040,OOO Actidata
001BC503B,Promixis
001BC5034,InterCEL Pty Ltd
001BC5031,ADIXEIN LIMITED
001BC502A,Analytical Instrument Systems
001BC5027,CAMEA
001BC5023,MAGO di Della Mora Walter
001BC501F,Saturn Solutions Ltd
001BC5012,Tokyo Cosmos Electric
001BC500F,Simavita Pty Ltd
001BC500B,Private
001BC500C,Quantum Technology Sciences
001BC5008,Dalaj Electro-Telecom
001BC5005,Private
001BC5016,Energotechnica OOO NPP Ltd
001BC5002,GORAMO - Janusz Gorecki
001BC5019,Dunlop Systems & Components
70B3D5D81,PDD Group Ltd
70B3D5B7A,MAHLE
70B3D5AFE,MESOTECHNIC
70B3D5659,E2G srl
70B3D54A1,Herholdt Controls srl
70B3D5D1B,Grupo Epelsa S.L.
70B3D5D9E,Grupo Epelsa S.L.
70B3D5DB4,YUYAMA MFG Co.
70B3D5781,Project Service S.a.s.
70B3D5A72,Business Marketers Group
70B3D533B,Seal Shield
70B3D5E49,Kendrion Mechatronics Center
70B3D5214,signalparser
70B3D53C6,ACD Elekronik GmbH
70B3D5384,Sensohive Technologies
70B3D5893,Cubitech
70B3D509E,MobiPromo
70B3D549E,CAPTEMP
70B3D54B6,VEILUX INC.
70B3D57CF,ORCA Technologies
70B3D55A3,CT Company
70B3D580A,SENSING LABS
70B3D5E45,Momentum Data Systems
70B3D5059,Pro-Digital Projetos
70B3D5091,PROFITT Ltd
70B3D5647,KZTA
70B3D56DF,Mango DSP
70B3D5CBE,Ensura Solutions BV
70B3D5CAC,CRDE
70B3D58B9,Toptech Systems
70B3D574E,PushCorp
70B3D5FD2,DALIAN LEVEAR ELECTRIC CO.
70B3D5F08,Szabo Software & Engineering
70B3D56A1,GLIAL TECHNOLOGY
70B3D5955,Dynacard Co.
70B3D512B,RIC Electronics
70B3D517E,OCULI VISION
70B3D5046,Shenzhen Rihuida Electronics
70B3D5268,Cardinal Scale Mfg Co
70B3D5B7E,Elbit Systems of America -
70B3D5DB5,Xiamen Point Circle Technologh
70B3D5429,Redco Audio Inc
70B3D52E7,Atos spa
70B3D5766,Tirasoft Nederland
70B3D517D,Entech Electronics
70B3D599A,KEVIC. inc
70B3D502A,BAE Systems Surface Ships
70B3D5DE2,ACD Elekronik GmbH
70B3D52BB,Automation Networks
70B3D5AB4,SYS TEC electronic GmbH
70B3D535A,Applied Radar
70B3D5042,Coveloz Technologies Inc.
70B3D5C1B,Labinvent JSC
70B3D5E2E,Merz s.r.o.
70B3D5DE4,MAVILI ELEKTRONIK TIC. VE SAN.
70B3D5712,APG Cash Drawer
70B3D5580,Private
70B3D5776,Power Ltd.
70B3D5B72,UB330.net d.o.o.
70B3D57D9,ATOM GIKEN Co.
70B3D57DE,Telaeris
70B3D5A10,w-tec AG
70B3D513E,Stara S/A Indústria de
70B3D50BA,Ayre Acoustics
70B3D510C,Vocality International Ltd
70B3D5B7D,LOGIX ITS Inc
70B3D5307,Energi innovation Aps
70B3D59FA,Ideas srl
70B3D5649,swissled technologies AG
70B3D5C0E,SYSDEV Srl
70B3D54C7,SOLVERIS sp. z o.o.
70B3D57A4,Potter Electric Signal Co. LLC
70B3D5C86,Woodam Co.
70B3D5BE8,AndFun Co.
70B3D527A,TD ECOPHISIKA
70B3D554F,Assembly Contracts Limited
70B3D5C0A,Infosocket Co.
70B3D5D95,SANO SERVICE Co.
70B3D52AC,New Imaging Technologies
70B3D50D3,TSAT AS
70B3D5A89,GBS COMMUNICATIONS
70B3D57E1,Applied Materials
70B3D554C,Husty M.Styczen J.Hupert Sp.J.
70B3D5041,FIBERNET LTD
70B3D5AAE,Nuviz Oy
70B3D5881,TATTILE SRL
70B3D51FE,MobiPromo
70B3D5F0B,RF Industries
70B3D5217,Tecnint HTE SRL
70B3D55E6,Mechatronics Systems Private
70B3D588B,WUHAN EASYLINKIN TECHNOLOGY
70B3D549F,B.P.A. SRL
70B3D5C91,Grossenbacher Systeme AG
70B3D5986,Aplex Technology Inc.
70B3D5FF3,Aplex Technology Inc.
70B3D57CE,Aplex Technology Inc.
70B3D5F4F,Power Electronics Espana
70B3D54E9,ADETEC SAS
70B3D509D,P&S GmbH
70B3D5FB0,Rohde&Schwarz Topex SA
70B3D5885,QuirkLogic
70B3D5274,Stercom Power Solutions GmbH
70B3D5615,JSC OTZVUK
70B3D5889,Innovative Circuit Technology
70B3D558D,DORLET SAU
70B3D5FAA,LogiM
70B3D5854,Adimec Advanced Image Systems
70B3D5FB3,3PS Inc
70B3D5CAA,Bel Power Solutions GmbH
70B3D5B9E,POLSYSTEM SI SP. Z O.O.
70B3D54B0,Tecogen Inc.
70B3D54A7,aelettronica group srl
70B3D5238,Arete Associates
70B3D59B6,Intercomp S.p.A.
70B3D5E8F,DISMUNTEL
70B3D57B0,Medisafe International
70B3D509F,COMTECH Kft.
70B3D5009,HolidayCoro
70B3D5AB0,OSR R&D ISRAEL LTD
70B3D5317,Iotopia Solutions
70B3D5D32,Euklis by GSG International
70B3D56B0,PTYPE Co.
70B3D51E9,comtime GmbH
70B3D586C,eeas gmbh
70B3D5B0C,Vigilate srl
70B3D5B37,CODEC Co.
70B3D5597,VAPE RAIL INTERNATIONAL
70B3D5850,REO AG
70B3D537A,APG Cash Drawer
70B3D5C3D,CISTECH Solutions
70B3D5F8B,IOOOTA Srl
70B3D52EC,Grupo Epelsa S.L.
70B3D599E,Trinity College Dublin
70B3D5462,EarTex
70B3D54CE,Agilack
70B3D5F17,VITEC
70B3D511D,Dakton Microlabs LLC
70B3D5924,Meridian Technologies Inc
70B3D503D,QUERCUS TECHNOLOGIES
70B3D5B97,Canam Technology
70B3D5352,Globalcom Engineering SPA
70B3D57F4,KST technology
70B3D5122,Henri Systems Holland bv
70B3D5767,FRANKLIN FRANCE
70B3D5465,ENERGISME
70B3D5E09,L-3 communications ComCept
70B3D5A07,IoTrek Technology Private
70B3D521D,iRF - Intelligent RF Solutions
70B3D5E9C,ATG UV Technology
70B3D539E,Lanmark Controls Inc.
70B3D5267,Zehntner Testing Instruments
70B3D5C2E,Triax A/S
70B3D50EF,Dextera Labs
70B3D54C2,hera Laborsysteme GmbH
70B3D50A1,PTN Electronics Limited
70B3D5AA4,Pullnet Technology
70B3D5C68,Mini Solution Co. Ltd.
70B3D581A,Joehl & Koeferli AG
70B3D586E,Profcon AB
70B3D50E8,Grossenbacher Systeme AG
70B3D59D9,ATX Networks Corp
70B3D5494,Schildknecht AG
70B3D5BF2,TWIN DEVELOPMENT
70B3D5901,ATS-CONVERS
70B3D5654,EMAC
70B3D5F6E,Streambox Inc
70B3D5D5B,WyreStorm Technologies Ltd
70B3D56CD,NORTHBOUND NETWORKS PTY. LTD.
70B3D5B7C,Electronic Navigation Ltd
70B3D5C92,Unitro Fleischmann
70B3D58A0,DM RADIOCOM
70B3D5081,IST Technologies (SHENZHEN)
70B3D5C77,Yönnet Akıllı Bina ve
70B3D5D74,Sandia National Laboratories
70B3D5FCF,Acc+Ess Ltd
70B3D53C0,DK-Technologies A/S
70B3D52F6,TATTILE SRL
70B3D5364,ADAMCZEWSKI elektronische
70B3D548E,Allim System Co
70B3D59ED,Benchmark Electronics BV
70B3D5774,Micram Instruments Ltd
70B3D576A,Swiftnet SOC Ltd
70B3D5D7E,Triax A/S
70B3D5061,IntelliDesign Pty Ltd
70B3D5383,LPA Excil Electronics
70B3D5504,Xsight Systems Ltd.
70B3D52CE,KDT
70B3D5C07,ARECO
70B3D5DCA,DSan Corporation
70B3D525B,GID Industrial
70B3D5313,DIEHL Controls
70B3D5278,Private
70B3D5645,Project Decibel
70B3D5377,Monnit Corporation
70B3D5A12,QUERCUS TECHNOLOGIES
70B3D5B34,Medtronic
70B3D5303,Fuchu Giken
70B3D56F9,ENVItech s.r.o.
70B3D5100,Gupsy GmbH
70B3D5C89,ARD
70B3D52E0,Peter Huber
70B3D5088,OptiScan Biomedical Corp.
70B3D5226,Yaviar
70B3D5D57,TRIUMPH BOARD a.s.
70B3D54DB,Temperature@lert
70B3D5343,Elektro-System s.c.
70B3D59F2,Acorde Technologies
70B3D5E3B,ComNav Technology Ltd.
70B3D5339,Sierra Nevada Corporation
70B3D5703,StromIdee GmbH
70B3D5E6D,Domus S.C.
70B3D5F00,Aplex Technology Inc.
70B3D57C3,Flexim Security Oy
70B3D53E4,Neptec Technologies Corp.
70B3D5595,PLR Prueftechnik Linke und
70B3D5E36,Guidance Navigation Limited
70B3D5B47,DSIT Solutions LTD
70B3D52F1,Inspike S.R.L.
70B3D5AFB,Shanghai Tianhe Automation
70B3D5AD5,Birdland Audio
70B3D5F93,Hella Gutmann Solutions GmbH
70B3D5F01,Software Systems Plus
70B3D53E2,AVI Pty Ltd
70B3D5C2A,Array Telepresence
70B3D5F8E,Isabellenhütte Heusler
70B3D5FA2,Sarokal Test Systems Oy
70B3D5134,Conjing Networks Inc.
70B3D5208,DSP DESIGN LTD
70B3D5870,bentrup Industriesteuerungen
70B3D54D8,Versilis Inc.
70B3D5A26,Hear Gear
70B3D5C87,Siemens AG
70B3D57AE,Exi Flow Measurement Ltd
70B3D54DF,Nidec Avtron Automation Corp
70B3D54AD,GACI
70B3D5DF9,Korea Plant Maintenance
70B3D5BAE,WARECUBE
70B3D5119,Private
70B3D5C85,Solid State Disks Ltd
70B3D5A44,FSR Inc
70B3D5347,OAS Sweden AB
70B3D5361,Parent Power
70B3D5FA4,Energybox Limited
70B3D5A2A,Redwood Systems
70B3D573E,Trident RFID Pty Ltd
70B3D565D,GEGA ELECTRONIQUE
70B3D59BD,Signal Processing Devices
70B3D5AA7,ATEME
70B3D520E,Amrehn & Partner EDV-Service
70B3D5E70,DISK Multimedia s.r.o.
70B3D5EAB,APEN GROUP SpA
70B3D579E,CW2. Gmbh & Co. KG
70B3D5EB1,CP contech electronic GmbH
70B3D5D97,BRS Sistemas Eletronicos
70B3D563A,DAVE SRL
70B3D5C9B,Tieto Sweden AB
70B3D54F0,Li Seng Technology Ltd.
70B3D5F92,TechOne
70B3D5D1F,Embsec AB
70B3D5796,GAMPT mbH
70B3D50A5,FUELCELLPOWER
70B3D5AB9,Dynamic Controls
70B3D5C25,speedsignal GmbH
70B3D56E4,Institute of Power Engineering
70B3D5D46,Contineo s.r.o.
70B3D5665,CertUsus GmbH
70B3D52CF,MB Connect Line GmbH
70B3D5A50,LECIP CORPORATION
70B3D5A4B,McKay Brothers LLC
70B3D55E4,DSP DESIGN
70B3D5DF0,astozi consulting Tomasz Zieba
70B3D5CF3,Mesh Motion Inc
70B3D50B3,Reonix Automation
70B3D534A,PAVO TASARIM ÜRETİM TİC A.Ş.
70B3D56E5,DEUTA-WERKE GmbH
70B3D58F5,Stmovic
70B3D5ABF,AGR International
70B3D5755,LandmarkTech Systems
70B3D5B3C,DORLET SAU
70B3D557B,ELAMAKATO GmbH
70B3D5A57,PCSC
70B3D58E1,WoKa-Elektronik GmbH
70B3D5BA4,EIWA GIKEN INC.
70B3D5F8C,EUROPEAN ADVANCED TECHNOLOGIES
70B3D585C,Robot Pub Group
70B3D5AFA,Power Security Systems Ltd.
70B3D577C,HUSTY M.Styczen J.Hupert Sp.J.
70B3D5CDE,Multipure International
70B3D5F2B,SENSYS GmbH
70B3D5731,Phoniro Systems AB
70B3D5941,Triax A/S
70B3D536D,Cyberteam Sp z o o
70B3D5B82,Lookout Portable Security
70B3D5220,Private
70B3D5D0C,Connor Winfield LTD
70B3D5CB7,HKC Limited
70B3D53E1,Barnstormer Softworks
70B3D596F,4CAM GmbH
70B3D58CE,CORES Corporation
70B3D523C,Quasonix
70B3D579A,Innerspec Technologies Inc.
70B3D551D,Tecnint HTE SRL
70B3D561F,Labotect
70B3D54C1,QUERCUS TECHNOLOGIES
70B3D5A0E,Vetaphone A/S
70B3D55AA,Chugoku Electric Manufacturing
70B3D52D4,CT Company
70B3D5C96,UNI DIMENXI SDN BHD
70B3D5E74,Exfrontier Co.
70B3D5FD3,AKIS technologies
70B3D5E53,MI INC.
70B3D52F0,Clock-O-Matic
70B3D57A9,adidas AG
70B3D5AC8,Heartland.Data Inc.
70B3D5F2A,WIBOND Informationssysteme
70B3D52A5,Taitotekniikka
70B3D519C,Kubu
70B3D503B,SSL - Electrical Aerospace
70B3D5E9A,Meta Computing Services
70B3D5E26,FEITIAN CO.
70B3D5E4C,IAI-Israel Aerospace
70B3D5A40,STRACK LIFT AUTOMATION GmbH
70B3D5016,Guardian Controls
70B3D5A7A,Fluid Management Technology
70B3D5C6A,Private
70B3D5819,«Intellect module» LLC
70B3D5EF3,octoScope
70B3D59F4,Tband srl
70B3D535C,ACS electronics srl
70B3D528F,Overline Systems
70B3D5F38,Scanvaegt Nordic A/S
001BC50C5,Gill Instruments Ltd
70B3D5994,KeFF Networks
70B3D5B3D,Inras GmbH
001BC50BB,Triax A/S
001BC50B1,Roslen Eco-Networking Products
001BC50A7,L.G.L. Electronics S.p.a.
001BC509C,S.I.C.E.S. srl
001BC5092,Arnouse Digital Devices
001BC5088,UAB Kitron
001BC5080,LUMINO GmbH
001BC5076,PLAiR Media
001BC506C,Luxcon System Limited
001BC505C,Suretrak Global Pty Ltd
001BC5062,Sulaon Oy
001BC5052,Engineering Center
001BC5058,optiMEAS GmbH
001BC5048,XPossible Technologies Pte Ltd
001BC504E,Mitsubishi Electric India PVT.
001BC503E,Daylight Solutions
001BC5044,ZAO &quot;RADIUS
001BC5039,EURESYS S.A.
001BC502F,Fibrain Co. Ltd.
001BC5025,andersen lighting GmbH
001BC5020,Momentum Data Systems
001BC501D,Rose + Herleth GbR
001BC5021,Openpeak
001BC5010,Softel SA de CV
001BC5006,TRIAX-HIRSCHMANN Multi-Media
001BC501A,ABA ELECTRONICS TECHNOLOGY CO.
70B3D576E,Grupo Epelsa S.L.
70B3D58F3,TATTILE SRL
70B3D5C7F,TATTILE SRL
70B3D55ED,EA Elektroautomatik
70B3D5AEA,BBR Verkehrstechnik GmbH
70B3D5EEE,SOCIEDAD IBERICA DE
70B3D5794,Shadin Avionics
70B3D52EF,IEM SA
70B3D5B6D,Movis
70B3D5325,BlueMark Innovations BV
70B3D58B2,NPF Modem
70B3D53CC,TerOpta Ltd
70B3D55D1,Software Motor Corp
70B3D5A2E,Kokam Co.
70B3D58A6,CRDE
70B3D5FB5,Orange Tree Technologies Ltd
70B3D5E02,YEHL & JORDAN LLC
70B3D5F56,VirtualHere Pty. Ltd.
70B3D58BE,Connoiseur Electronics Private
70B3D526B,Sorama BV
70B3D52FA,Toray　Medical　Co.
70B3D5975,Coester Automação Ltda
70B3D513C,Detec Systems Ltd
70B3D5455,Heartlandmicropayments
70B3D5070,Lumiplan Duhamel
70B3D58D8,VNG Corporation
70B3D5392,Contec DTx
70B3D514D,2-Observe
70B3D5A9F,Private
70B3D59CB,Alligator Communications
70B3D5B67,RedWave Labs Ltd
70B3D5B93,INTERNET PROTOCOLO LOGICA SL
70B3D5B89,IDA
70B3D57E2,Depro Électronique inc
70B3D5772,enModus
70B3D53C5,P4Q ELECTRONICS
70B3D5FE2,Galileo Tıp Teknolojileri San.
70B3D5C24,Elbit Systems of America -
70B3D5AC6,SMTC Corporation
70B3D5028,AT-Automation Technology GmbH
70B3D50B9,Easy Digital Concept
70B3D5CF2,tinnos
70B3D59E0,ES Industrial Systems Co.
70B3D560F,Tanaka Information System
70B3D50FA,InsideRF Co.
70B3D531E,GILLAM-FEI S.A.
70B3D54D5,Morgan Rekofa GmbH
70B3D58C5,HMicro Inc
70B3D55FF,Vaisala Oyj
70B3D58EF,Beeper Communications Ltd.
70B3D5277,Voltaware Limited
70B3D5179,ALTRAN UK
70B3D574F,United States Technologies
70B3D5804,PMT Corporation
70B3D5D2B,StreamPlay Oy Ltd
70B3D539C, GD Mission Systems
70B3D5840,xm
70B3D54FE,WiTagg
70B3D51FD,BRS Sistemas Eletrônicos
70B3D5631,SENSO2ME
70B3D5396,CTG sp. z o. o.
70B3D562B,Silicann Systems GmbH
70B3D56B5,ART SPA
70B3D5E7C,Aplex Technology Inc.
70B3D53D9,Aplex Technology Inc.
70B3D535F,Aplex Technology Inc.
70B3D5FFF,Private
70B3D533E,Dynamic Connect Hi-Tech
70B3D5180,LHA Systems (Pty) Ltd
70B3D5ABE,MART NETWORK SOLUTIONS LTD
70B3D5932,Rohde&Schwarz Topex SA
70B3D50C4,TIAMA
70B3D58CF,Dainichi Denshi　Co.
70B3D5750,Neurio Technology Inc.
70B3D5FC9,Shanghai EICT Global Service
70B3D5147,ROMO Wind A/S
70B3D575B,Netool LLC
70B3D578C,Survalent Technology
70B3D537D,The DX Shop Limited
70B3D5696,Open Grow
70B3D5FCA,M2M Cybernetics Pvt Ltd
70B3D502D,NEXTtec srl
70B3D53D5,oxynet Solutions
70B3D5D11,EREE Electronique
70B3D51B5,StarBridge
70B3D55CD,MVT Video Technologies R + H
70B3D5AF7,DimoSystems BV
70B3D59D2,ACS MOTION CONTROL
70B3D5A5E,ConectaIP Tecnologia S.L.
70B3D512C,CIELLE S.R.L.
70B3D5486,ChongQing JianTao Technology
70B3D512E,GreenFlux
70B3D5B59,FutureTechnologyLaboratories
70B3D58B3,Firefly RFID Solutions
70B3D5599,LECO Corporation
70B3D5692,HOSIN INDUSTRIAL LIMITED
70B3D5896,Shanghai Longpal Communication
70B3D5AE7,E-T-A Elektrotechnische
70B3D5400,Vtron Pty Ltd
70B3D5E0F,Vtron Pty Ltd
70B3D512F,DSP4YOU LTd
70B3D571B,elsys
70B3D59B1,Aplex Technology Inc.
70B3D5CA4,Netemera Sp. z o.o.
70B3D548F,Seiwa Giken
70B3D5DDC,Syscom Instruments SA
70B3D5C15,Sensobox GmbH
70B3D5D2F,L.I.F.E. Corporation SA
70B3D536A,Becton Dickinson
70B3D5C80,Link Care Services
70B3D5607,ATEME
70B3D5A33,TIAMA
70B3D5A19,Qualitronix Madrass Pvt Ltd
70B3D5F81,Littlemore Scientific
70B3D5B3F,Orbit International
70B3D528D,Technica Engineering GmbH
70B3D5B62,Sakura Seiki Co.
70B3D5CCF,Netberg
70B3D5131,Inova Design Solutions Ltd
70B3D5987,AXIS CORPORATION
70B3D52BA,Active Brains
70B3D50CE,Innominds Software Inc
70B3D5644,ATX Networks Corp
70B3D5376,Private
70B3D552C,Centuryarks Ltd.
70B3D5BC2,DWEWOONG ELECTRIC Co.
70B3D5DFC,ELECTRONIC SYSTEMS DESIGN SPRL
70B3D57E5,Megaflex Oy
70B3D5503,Itest communication Tech Co.
70B3D548A,George Wilson Industries Ltd
70B3D50E5,Delta Solutions LLC
70B3D581E,Novathings
70B3D504B,Dream I System Co.
70B3D549A,HAXE SYSTEME
70B3D563C,Pivothead
70B3D5ADB,RF Code
70B3D5B53,Revolution Retail Systems
70B3D5C7E,BirdDog Australia
70B3D5F03,GMI Ltd
70B3D58C2,F-domain corporation
70B3D56CF,Private
70B3D572C,NuRi&G Engineering co
70B3D5735,Swiss Audio
70B3D5260,ModuSystems
70B3D54EF,CMI
70B3D5C12,Beijing Wisetone Information
70B3D5930,The Institute of Mine
70B3D5188,Birket Engineering
70B3D55E2,Grossenbacher Systeme AG
70B3D525A,DEUTA-WERKE GmbH
70B3D516F,NimbeLink Corp
70B3D59C0,Schneider Displaytechnik GmbH
70B3D5149,eleven-x
70B3D5E98,JSC Kaluga Astral
70B3D5443,Slot3 GmbH
70B3D5952,REQUEA
70B3D5BAA,Device Solutions Ltd
70B3D5C5C,Layer Logic Inc
70B3D5F3B,Epdm Pty Ltd
70B3D59F6,Edgeware AB
70B3D536F,BuddyGuard GmbH
70B3D5222,Marioff Corporation Oy
70B3D50E3,SinTau SrL
70B3D52E5,Fläkt Woods AB
70B3D588D,LG Electronics
70B3D5A8B,Giant Power Technology
70B3D50F1,Beijing One City Science
70B3D5F70, Honeywell
70B3D59CE,Terragene S.A
70B3D5CEA,Computerwise
70B3D5F1D,Critical Link LLC
70B3D566B,Innitive B.V.
70B3D58F6,Dofuntech Co.
70B3D5A06,Kopis Mobile LLC
70B3D5679,EMAC
001BC5042,ChamSys Ltd
70B3D52F9,CONSOSPY
70B3D5BB8,Al Kamel Systems S.L.
70B3D5439,TriLED
70B3D5E48,TDI. Co.
70B3D518D,Foro Tel
70B3D5A95,DEUTA-WERKE GmbH
70B3D5570,Bayern Engineering
70B3D5524,Wuxi New Optical Communication
70B3D5DE0,eCozy GmbH
70B3D5C26,Triple Play Communications
70B3D591F,JSC InformInvestGroup
70B3D53E9,APOLLO GIKEN Co.
70B3D5773,Rugged Science
70B3D57AA,Sadel S.p.A.
70B3D56FB,Shachihata Inc.
70B3D5D73,ERMINE Corporation
70B3D5D3F,GLOBALCOM ENGINEERING SPA
70B3D5DF7,Refecor Oy
70B3D5152,Xped Corporation Pty Ltd
70B3D559D,servicios de consultoria
70B3D5933,SARL S@TIS
70B3D57F2,TCI
70B3D5E4B,DELTA
70B3D52EA,Schneider Electric Motion
70B3D55FC,SURTEC
70B3D5328,HIPODROMO DE AGUA CALIENTE SA
70B3D5F85,Solystic
70B3D5A04,Galea Electric S.L.
70B3D56BE,VANTAGE INTEGRATED SECURITY
70B3D5A01,FeldTech GmbH
70B3D57C1,Data Sciences International
70B3D5903,Cymtec Ltd
70B3D51A0,UFATECH LTD
70B3D5EA4,Grupo Epelsa S.L.
70B3D51AD,Techworld Industries Ltd
70B3D5866,MEPS Realtime
70B3D53D8,Abitsoftware
70B3D5F4D,Honeywell International Inc.
70B3D5230,CT Company
70B3D5FCD,Engage Technologies
70B3D507E,ENTEC Electric & Electronic
70B3D5664,Sankyo Intec co.
70B3D54BA,Sinftech LLC
70B3D53FF,Hydra Controls
70B3D5470,KITRON UAB
70B3D552B,GE Aviation Cheltenham
70B3D587B,Liquid Instruments Pty Ltd
70B3D55B0,Qxperts Italia S.r.l.
70B3D5435,Wuhan Xingtuxinke ELectronic
70B3D50CD,AML Oceanographic
70B3D56E8,BluWireless Technology Ltd
70B3D56B3,DuraComm Corporation
70B3D5F36,dinosys
70B3D5AC9,Trinity Solutions LLC
70B3D50A6,PA CONSULTING SERVICES
70B3D5B8B,Profound Medical Inc.
70B3D51A5,METRONIC APARATURA KONTROLNO -
70B3D5A1C,MECA SYSTEM
70B3D5AD6,Lemonade Lab Inc
70B3D5D87,Zigen Corp
70B3D5589,Cityntel OU
70B3D582E,PlayAlive A/S
70B3D500E,Magosys Systems LTD
70B3D5C3C,PEEK TRAFFIC
70B3D517F,MB Connect Line GmbH
70B3D5FE8,PCME Ltd.
70B3D5505,MC2-Technologies
70B3D5F2D,ID Lock AS
70B3D50DC,Talleres de Escoriaza
70B3D5AF3,New Japan Radio Co.
70B3D5500,Mistral Solutions Pvt. LTD
70B3D527D,Telenor Connexion AB
70B3D5B29,WiViCom Co.
70B3D5ED5,hangzhou battle link
70B3D5E95,BroadSoft Inc
70B3D565B,Roush
70B3D5D7F,ConectaIP Tecnologia S.L.
70B3D53D2,Imagine Inc.
70B3D57A7,Symbicon Ltd
70B3D5D9B,Russian Telecom Equipment
70B3D5E4E,Midfin Systems
70B3D548C,Integrated Systems Engineering
70B3D5FC6,Tecnint HTE SRL
70B3D52BE,Coherent Logix
70B3D57F1,AeroVision Avionics
70B3D57B8,SerEnergy A/S
70B3D5CCE,Proconex 2010 Inc.
70B3D5300,Novo DR Ltd.
70B3D5BD3,FOTONA D.D.
70B3D5600,Stellwerk GmbH
70B3D5421,North Star Bestech Co.
70B3D5C55,Intelligent Energy Ltd
70B3D5E28,iotec GmbH
70B3D56F3,iungo
70B3D5182,Kitron UAB
70B3D5820,Becker Nachrichtentechnik GmbH
70B3D5732,TOFWERK AG
70B3D507D,PANORAMIC POWER
70B3D5B9B,Elektronik Art
70B3D5327,Seneco A/S
70B3D508E,Beijing CONvision Technology
70B3D5B8F,Assembly Contracts Ltd
70B3D55C5,Haag-Streit AG
70B3D5164,Tokyo Drawing Ltd.
70B3D59F1,RFEL Ltd
70B3D584A,MOG Laboratories Pty Ltd
70B3D59F5,Vickers Electronics Ltd
70B3D5FDE,AERONAUTICAL & GENERAL
70B3D5104,Plum sp. z o.o
70B3D5C61,JC HUNTER TECHNOLOGIES
70B3D5A5B,Christ Elektronik GmbH
70B3D539A,Videotrend srl
70B3D5CE7,June Automation Singapore Pte.
70B3D5EC1,Xafax Nederland bv
70B3D5A6D,Metek Meteorologische
70B3D53B8,nVideon
70B3D5610,POLVISION
70B3D5ECE,COMM-connect A/S
70B3D5EB2,Shooter Detection Systems
70B3D5250,Datum Electronics Limited
70B3D5FDA,ACD Elektronik GmbH
70B3D56D9,VECTARE Inc
70B3D5BDA,5-D Systems
70B3D5559,Eagle Mountain Technology
70B3D5AEE,DiTEST Fahrzeugdiagnose GmbH
70B3D5710,Guardian Controls
70B3D5A0B,ambiHome GmbH
70B3D5204,TWC
70B3D583B,Telefonix Incorporated
70B3D5029,Marimo electronics Co.
70B3D5010,Hanwa Electronic Ind.Co.
70B3D586D,Census Digital Incorporated
70B3D5ADD,GHL Systems Berhad
70B3D56F6,Acco Brands Europe
70B3D5D8F,Molu Technology Inc.
70B3D56F2,P&C Micro's Pty Ltd
70B3D543D,Veryx Technologies Private
70B3D5AB7,SIGLEAD INC
70B3D5D47,YotaScope Technologies Co.
70B3D580F,Quickware Eng & Des LLC
70B3D5F61,Power Diagnostic Service
70B3D50F0,Avionica
70B3D5E08,Olssen
70B3D5FD1,RedRat Ltd
70B3D5C8D,KST technology
70B3D5044,Don Electronics Ltd
70B3D55F0,managee GmbH & Co KG
70B3D5956,AeroVision Avionics
70B3D5F62,FRS GmbH & Co. KG
70B3D50A9,ProConnections
70B3D5EDD,Solar Network & Partners
70B3D53DE,ELOMAC Elektronik GmbH
70B3D5139,Tunstall A/S
70B3D5871,Oso Technologies
70B3D5AE9,Cari Electronic
70B3D5D8B,Lenoxi Automation s.r.o.
001BC50C4,ELDES
001BC50BA,NT MICROSYSTEMS
001BC50B0,J-D.COM
001BC50A6,Balter Security GmbH
001BC5075,Kitron GmbH
001BC5074,Dynasthetics
001BC507F,Hitechlab Inc
001BC507E,Bio Molecular System Pty Ltd
001BC506A,IST GmbH
001BC506B,Verified Energy
001BC5061,Scientific-Technical Center
001BC5060,ENSTECH
001BC504D,eiraku electric corp.
001BC504C,Rhino Controls Ltd.
001BC5057,EREE Electronique
001BC5056,ThinKom Solutions
001BC5043,Coincident
001BC5038,SEED International Ltd.
001BC502E,BETTINI SRL
001BC5024,ANNECY ELECTRONIQUE SAS
001BC501B,Commonwealth Scientific
001BC501C,Coolit Systems
70B3D5C3B,Vironova AB
70B3D56A9,OHMORI ELECTRIC INDUSTRIES
70B3D552E,Swissponic Sagl
70B3D5551,infrachip
70B3D5323,TATTILE SRL
70B3D5054,Groupeer Technologies
70B3D5353,Digital Outfit
70B3D5F5B,A.F.MENSAH
70B3D5A92,Grossenbacher Systeme AG
70B3D5B39,MB Connect Line GmbH
70B3D51E3,Hatel Elektronik LTD. STI.
70B3D5CCA,SIEMENS AS
70B3D5EF6,CHARGELIB
70B3D5B02,Nordic Automation Systems AS
70B3D5B05,E-PLUS TECHNOLOGY CO.
70B3D5847,Ai-Lynx
70B3D5148,Power Electronics Espana
70B3D5BFE,Aplex Technology Inc.
70B3D5261,Potter Electric Signal Co. LLC
70B3D5618,Motec Pty Ltd
70B3D5892,ABB
70B3D59BA,ATIM Radiocommunication
70B3D54C4,OOO Research and Production
70B3D59B3,K&J Schmittschneider AG
70B3D5747,Eva Automation
70B3D53F4,Wincode Technology Co.
70B3D56E6,Eleven Engineering
70B3D5E39,Thinnect
70B3D5216,FLEXTRONICS
70B3D50FE,Vocality International Ltd
70B3D54B7,Aplex Technology Inc.
70B3D555C,Saratoga Speed
70B3D5428,Presentation Switchers
70B3D5C32,INFRASAFE/ ADVANTOR SYSTEMS
70B3D5592,CRDE
70B3D5F1A,Sator Controls s.r.o.
70B3D505A,Uni Control System Sp. z o. o.
70B3D59EF,Cottonwood Creek Technologies
70B3D59EB,Preston Industries dba
70B3D5A3B,Grace Design/Lunatec LLC
70B3D57A0,Reactec Ltd
70B3D529B,DermaLumics S.L.
70B3D5202,DEUTA-WERKE GmbH
70B3D5259,Zebra Elektronik A.S.
70B3D5FBE,Hanbat National University
70B3D5FE4,CARE PVT LTD
70B3D58B1,M-Tech Innovations Limited
70B3D5D34,G-PHILOS CO.
70B3D5528,Aplex Technology Inc.
70B3D5B81,Instro Precision Limited
70B3D5479,LINEAGE POWER PVT. LTD.
70B3D5A66,Trapeze Software Group Inc
70B3D51AB,Access Control Systems JSC
70B3D536C,Sicon srl
70B3D504D,Sicon srl
70B3D5A78,Bionics co.
70B3D5E7E,Groupe Citypassenger Inc
70B3D58D3,PERFORMANCE CONTROLS
70B3D5D63,CRDE
70B3D5508,INSEVIS GmbH
70B3D5440,Discover Video
70B3D550E,Micro Trend Automation Co.
70B3D5879,ZIGPOS GmbH
70B3D5C9F,Triax A/S
70B3D58E4,Aplex Technology Inc.
70B3D5350,Tickster AB
70B3D52F3,Scame Sistemi srl
70B3D5DAD, GD Mission Systems
70B3D568D,Meta-chrom Co. Ltd.
70B3D591B,Dolotron d.o.o.
70B3D5A96,Östling Marking Systems GmbH
70B3D5367,Living Water
70B3D58DB,Kratos Analytical Ltd
70B3D5A4F,Weltek Technologies Co. Ltd.
70B3D51A3,Telairity Semiconductor
70B3D5650,GIFAS-ELECTRIC GmbH
70B3D5C63,Xentech Solutions Limited
70B3D5106,Aplex Technology Inc.
70B3D56C5,CJSC «Russian telecom
70B3D5FE9,Camsat Przemysław Gralak
70B3D54C5,Moving iMage Technologies LLC
70B3D591A,Fujian Landfone Information
70B3D59EC,eSoftThings
70B3D5761,Critical Link LLC
70B3D5C22,Skyriver Communications Inc.
70B3D53BB,A-M Systems
70B3D5B44,ENTEC Electric & Electronic
70B3D5584,Sertone
70B3D53EF,Vtron Pty Ltd
70B3D57C2,Morgan Schaffer Inc.
70B3D5697,Alazar Technologies Inc.
70B3D561A,Rocket Lab Ltd.
70B3D5855,CRDE
70B3D5F8D,Flextronics Canafa Design
70B3D59AE,Volansys technologies pvt ltd
70B3D542C,D.Marchiori Srl
70B3D5CE5,GridBridge Inc
70B3D51EF,ADTEK
70B3D5EDB,Netfort Solutions
70B3D5CD9,Peter Huber Kaeltemaschinenbau
70B3D51D7,Private
70B3D5976,Atonarp Micro-Systems India
70B3D50DA,Aquavision Distribution Ltd
70B3D5989,DCNS
70B3D5833,Alpiq InTec Management AG
70B3D53E8,COSMOS web Co.
70B3D597F,BISTOS.
70B3D5C5D,FOSHAN SHILANTIAN NETWORK S.T.
70B3D573B,S-I-C
70B3D5114,Project H Pty Ltd
70B3D5906,Aplex Technology Inc.
70B3D5243,Rohde&Schwarz Topex SA
70B3D59F3,IEEE Registration Authority
70B3D5AAC,SensoTec GmbH
70B3D5F9A,Krabbenhøft og Ingolfsson
70B3D5349,SLAT
70B3D5D91,FoodALYT GmbH
70B3D53AE,Exicom Technologies fze
70B3D57DD,Excel Medical Electronics LLC
70B3D5E71,SiS Technology
70B3D5EA0,PARK24
70B3D5D05,Colmek
70B3D5BF5,Acacia Research
70B3D5499,Pycom Ltd
70B3D521E,Hildebrand Technology Limited
70B3D5D67,ALPHA　Corporation
70B3D5C4F,AE Van de Vliet BVBA
70B3D5BD9,SolwayTech
70B3D5F35,carbonTRACK
70B3D529F,Code Hardware SA
70B3D5F76,Thermo Fisher Scientific
70B3D52B9,BELECTRIC GmbH
70B3D59AD,Fortuna Impex Pvt ltd
70B3D5594,ATE Systems Inc
70B3D58CB,WELT Corporation
70B3D5405,MG s.r.l.
70B3D587E,Septentrio NV
70B3D5ECB,Re spa - Controlli Industriali
70B3D55F4,FDSTiming
70B3D5D75,Hyundai MNSOFT
70B3D5D9A,Wuhan Xingtuxinke ELectronic
70B3D59C7,YUYAMA MFG Co.
70B3D532A,Wuhan Xingtuxinke ELectronic
70B3D560E,HDANYWHERE
70B3D5EBB,Beijing Wing ICT Technology
70B3D5B09,FIRST LIGHT IMAGING
70B3D518C,CMC Industrial Electronics Ltd
70B3D5AFF,digital-spice
70B3D5563,Zhejiang Hao Teng Electronic
70B3D5C06,XotonicsMED GmbH
70B3D52DB,ProtoPixel SL
70B3D5A58,MCQ TECH GmbH
70B3D5934,RBS Netkom GmbH
70B3D513D,Elsist Srl
70B3D53B7,Paul Scherrer Institut (PSI)
70B3D594D,SEASON DESIGN TECHNOLOGY
70B3D5A4C,Alere Technologies AS
70B3D590B,Matrix Switch Corporation
70B3D5C4B,ANKER-EAST
70B3D5542,RTDS Technologies Inc.
70B3D568E,CEA Technologies Pty Ltd
70B3D51E4,Tecnologix s.r.l.
70B3D51C5,ELSAG
70B3D5635,Cosylab d.d.
70B3D5D84,Sentry360
70B3D575A,Standard Backhaul
70B3D5482,Aeryon Labs Inc
70B3D5FBF,SenSys (Design Electronics
70B3D5825,TATTILE SRL
70B3D5039,DoWoo Digitech
70B3D527E,Mettler Toledo Hi Speed
70B3D5D37,Sicon srl
70B3D5F83,Tata Communications Ltd.
70B3D560B,Edgeware AB
70B3D50D9,Brechbuehler AG
70B3D537C,Merus Power Dynamics Ltd.
70B3D54CF,GREEN HOUSE CO.
70B3D5EF8,DKS Dienstl.ges. f. Komm.anl.
70B3D5D58,Idyllic Engineering Pte Ltd
70B3D51D3,Novo innovations Ltd
70B3D5954,Dot System S.r.l.
70B3D5880,Skopei B.V.
70B3D5D40,CRDE
70B3D551C,ATX Networks Corp
70B3D5511,Next Sight srl
70B3D5FBD,MB connect line
70B3D5FA7,Nordson Corporation
70B3D585E,XLOGIC srl
70B3D58AB,EMAC
70B3D5729,EMAC
70B3D5E93,ECON Technology Co.Ltd
70B3D5CF4,Harbin Cheng Tian Technology
70B3D54BD,Boulder Amplifiers
70B3D545C,AlyTech
70B3D54B9,SHEN ZHEN TTK TECHNOLOGY CO
70B3D51C4,Smeg S.p.A.
70B3D5A59,Muuntosähkö Oy - Trafox
70B3D5D76,attocube systems AG
70B3D57E3,RedLeaf Security
70B3D583C,Sinoembed
70B3D57EB,Xerox International Partners
70B3D5F57,Aplex Technology Inc.
70B3D501F,SPX Flow Technology BV
70B3D5407,IDOSENS
70B3D5C01,SmartGuard LLC
70B3D57C8,CRDE
70B3D57B9,QIAGEN Instruments AG
70B3D5DD7,DETECT Australia
70B3D5DDF,AeroVision Avionics
70B3D5BF1,Flashnet SRL
70B3D50C5,Precitec Optronik GmbH
70B3D5E35,Nanospeed Technologies Limited
70B3D55EE,Mikrotron Mikrocomputer
70B3D5F11,BroadSoft Inc
70B3D5B3E,Paradigm Communication Systems
70B3D5161,MB Connect Line GmbH
70B3D5033,Sailmon BV
70B3D5D42,DSP DESIGN
70B3D5A56,DORLET SAU
70B3D5FDF,NARA CONTROLS INC.
70B3D5430,Algodue Elettronica Srl
70B3D55B6,Ethical Lighting and Sensor
70B3D52EB,BRNET CO.
70B3D5E7A,ART SPA
70B3D5A93,Mes Communication Co.
70B3D50FC,vitalcare
70B3D59C8,Applied Systems Engineering
70B3D5D8C,Damerell Design Limited (DCL)
70B3D5FBB,Vena Engineering Corporation
70B3D5C21,Aplex Technology Inc.
70B3D5628,MECT S.R.L.
70B3D532F,Movidius SRL
70B3D59C9,PK Sound
70B3D5ADA,Private
70B3D5554,Teletypes Manufacturing Plant
70B3D5E0D,Sigma Connectivity AB
70B3D572D,Kron Medidores
70B3D5D8D,Pullnet Technology
70B3D52BC,EQUIPOS DE TELECOMUNICACIÓN
70B3D52D6,Kvazar LLC
70B3D5231,DELTA TAU DATA SYSTEMS
70B3D5823,SP Controls
70B3D580D,Data Physics Corporation
70B3D5336,Synaccess Networks Inc.
70B3D5A51,RF Code
70B3D57AF,Hessware GmbH
70B3D53F9,Herrick Tech Labs
70B3D54B1,LACE LLC.
70B3D5530,iSiS-Ex Limited
70B3D5A27,HDL da Amazônia Industria
70B3D57AD,Insitu Inc
70B3D5E21,LLVISION TECHNOLOGY CO.
70B3D5583,Ducommun Inc.
70B3D5F1E,ATX NETWORKS LTD
70B3D59E7,Xiamen Maxincom Technologies
70B3D5472,Quadio Devices Private Limited
70B3D57A8,dieEntwickler Elektronik GmbH
70B3D503F,Elesar Limited
70B3D53D7,Remote Sensing Solutions
70B3D5838,Tofino
70B3D51F3,Smart Energy Code Company
70B3D56BB,LUCEO
70B3D5C5A,Commsignia Ltd.
70B3D59DB,CAS Medical Systems
70B3D5BDD,CDR SRL
70B3D5F5A,HAMEG GmbH
70B3D574C,Kwant Controls BV
70B3D56FA,Dataforth Corporation
70B3D5E90,Getein Biotechnology Co.
70B3D5C3F,Code Blue Corporation
70B3D5917,KSJ Co.Ltd
70B3D5EC6,ESII
70B3D5849,RF-Tuote Oy
70B3D59D3,Communication Technology Ltd.
70B3D546B,Airborne Engineering Limited
70B3D5EFB,PXM sp.k.
70B3D5A81,Sienda New Media Technologies
70B3D5EAC,Kentech Instruments Limited
70B3D58AD,Global Communications
70B3D5C97,CSINFOTEL
70B3D5F10,Riegl Laser Measurement
70B3D54AA,Twoway Communications
70B3D55A2,Wallner Automation GmbH
70B3D5418,DEV Systemtechnik GmbH& Co KG
70B3D5D79,GOMA ELETTRONICA SpA
70B3D558E,Veilux Inc.
70B3D5181,Task Sistemas
70B3D5DCF,KLS Netherlands B.V.
70B3D5A25,PulseTor LLC
70B3D5882,SIMON TECH
70B3D5959,Zulex International Co.
70B3D5CFF,DTECH Labs
70B3D50C0,Molu Technology Inc.
70B3D53DF,MultiDyne
70B3D582C,NELS Ltd.
70B3D5501,Peek Traffic
70B3D5025,Elsuhd Net Ltd Co.
70B3D558F,LSL systems
70B3D5A55,Embest Technology Co.
70B3D5BE1,FeCon GmbH
70B3D526E,HI-TECH SYSTEM Co. Ltd.
70B3D55E9,Zehetner-Elektronik GmbH
70B3D5205,Esource Srl
70B3D5112,DiTEST Fahrzeugdiagnose GmbH
70B3D53DA,Loop Labs
70B3D5FF5,Prolan Process Control Co.
70B3D52D5,Teuco Guzzini
70B3D544B,Open System Solutions Limited
70B3D5BEC,Tokyo Communication Equipment
70B3D56D6,KMtronic Ltd.
70B3D557C,Automata GmbH & Co. KG
70B3D5DA1,Qprel srl
70B3D5097,Avant Technologies
70B3D505F,UNISOR MULTISYSTEMS LTD
70B3D548D,OMEGA BILANCE SRL SOCIETA'
70B3D5E99,Advitronics telecom bv
70B3D5362,Asiga
70B3D5751,GNF
70B3D5587,INCAA Computers
70B3D5E27,Woodside Electronics
70B3D5346,Ultamation Limited
70B3D5052,Sudo Premium Engineering
70B3D5F34,MacGray Services
70B3D5B16,XI'AN SHENMING ELECTRON
70B3D52FD,Special Projects Group
70B3D5305,CAITRON Industrial Solutions
70B3D5634,idaqs Co.
70B3D5CE9,KINEMETRICS
70B3D5B8A,Nexus Tech. VN
70B3D53A8,JamHub Corp.
70B3D5AA0,Simple Works
70B3D5058,Telink Semiconductor CO
70B3D5EFA,NextEra Energy Resources
70B3D595A,Sigmann Elektronik GmbH
70B3D52E3,Meiknologic GmbH
70B3D5ABC,BKM-Micronic Richtfunkanlagen
70B3D5E4A,ICP NewTech Ltd
70B3D5ECD,SBS-Feintechnik GmbH & Co. KG
70B3D5918,Glova Rail A/S
70B3D5308,DSD MICROTECHNOLOGY
70B3D56D3,DEUTA-WERKE GmbH
70B3D5908,Accusonic
70B3D5183,Evco S.p.a.
70B3D55A8,Farmobile
70B3D5C2C,Dromont S.p.A.
001BC50C6,Connode
70B3D53C2,Cellular Specialties
70B3D5EF9,Critical Link
001BC50B2,SKODA electric a.s.
001BC50B6,Veilux inc.
001BC50AC,AVnu Alliance
001BC50BC,kuwatec
001BC50A2,Hettich Benelux
001BC50A8,Link Precision
001BC509D,Navitar Inc
001BC5093,Ambient Devices
001BC5081,WonATech Co.
001BC5084,Applied Innovations Research
001BC507B,QCORE Medical
001BC507A,Servicios Electronicos
001BC5089,SIGNATURE CONTROL SYSTEMS
001BC5077,Momentum Data Systems
001BC5063,Check-It Solutions Inc
001BC5070,Siemens Industries
001BC5071,Center for E-Commerce
001BC5067,Embit srl
001BC5066,Manufacturas y transformados
001BC506D,TES Electronic Solutions Pvt.
001BC504F,Orbital Systems
001BC505D,JSC Prominform
001BC5053,Metrycom Communications Ltd
001BC5059,INPIXAL
001BC5045,Marvel Digital International
001BC5049,EUROCONTROL S.p.A.
001BC503F,ELTRADE Ltd
001BC503A,MindMade Sp. z o.o.
001BC5030,OctoGate it Security Systems
001BC5026,DIMEP Sistemas
001BC5022,CJSC STC SIMOS
001BC501E,Private
001BC5011,OOO NPP Mera
001BC5007,Energy Aware Technology
001BC5001,OpenRB.com
70B3D56C7,Becton Dickinson
70B3D5CA8,Grupo Epelsa S.L.
70B3D5609,PBSI Group Limited
70B3D5B40,Wuhan Xingtuxinke ELectronic
70B3D50D6,TATTILE SRL
70B3D5297,Grossenbacher Systeme AG
70B3D5942,TruTeq Devices (Pty) Ltd
70B3D5F7B,KST technology
70B3D5B99,DomoSafety S.A.
70B3D5D51,Azcom Technology S.r.l.
70B3D5BA1,Cathwell AS
70B3D5286,Pedax Danmark
70B3D51A9,OCEANIX INC.
70B3D5733,SA Instrumentation Limited
70B3D5652,Robert Bosch
70B3D5F65,MARKUS LABS
70B3D5F2E,Shanghai JCY Technology
70B3D57F8,Solvera Lynx d.d.
70B3D55BE,CASWA
70B3D5F55,Kohler Mira Ltd
70B3D57ED,The Things Network Foundation
70B3D5A9D,VITEC MULTIMEDIA
70B3D51A8,STC Rainbow Ltd.
70B3D53CA,TTI Ltd
70B3D5E1C,Xcenter AS
70B3D5184,XV360 Optical Information
70B3D5B5C,Prozess Technologie
70B3D5AF4,TATTILE SRL
70B3D5531,ATEME
70B3D5BA7,Digital Yacht Ltd
70B3D51C7,Hoshin Electronics Co.
70B3D528B,Arnouse Digital Devices
70B3D5D94,Dewetron GmbH
70B3D5974,Jireh Industries Ltd.
70B3D5544,Silicon Safe Ltd
70B3D5EE1,allora Factory BVBA
70B3D5389,Private
70B3D5640,Electronic Equipment Company
70B3D5D65,CRDE
70B3D5AE1,DimoCore Corporation
70B3D53C3,AIMCO
70B3D53F6,Sycomp Electronic GmbH
70B3D530C,Sicon srl
70B3D590C,ANTEK GmbH
70B3D510A,SEASON DESIGN TECHNOLOGY
70B3D547C,Par-Tech
70B3D5AC3,Novoptel GmbH
70B3D597C,Nu-Tek Power Controls
70B3D58F2,Rimota Limited
70B3D50BD,Andium
70B3D5E3D,Leo Bodnar Electronics Ltd
70B3D5B26,INTEC International GmbH
70B3D5643,Marques
70B3D5A7C,Transelektronik Messgeräte
70B3D5C27, GD Mission Systems
70B3D594F,MART NETWORK SOLUTIONS LTD
70B3D5DFF,Spanawave Corporation
70B3D57B6,Amada Miyachi America Inc.
70B3D555A,Sontay Ltd.
70B3D511C,Samriddi Automations Pvt. Ltd.
70B3D5CB2,SECLAB
70B3D5A91,IDEAL INDUSTRIES
70B3D5AE5,BeatCraft
70B3D51DD,RF CREATIONS LTD
70B3D51DA,Promess Inc.
70B3D555B,Procon Electronics Pty Ltd
70B3D50AE,Norsat International Inc.
70B3D5461,TESEC Corporation
70B3D57FB,db Broadcast Products Ltd
70B3D56FF,AKEO PLUS
70B3D5CD2,HBH Microwave GmbH
70B3D5B23,Supervision Test et Pilotage
70B3D5178,Gamber Johnson-LLC
70B3D5A5C,Molekule
70B3D5012,KST technology
70B3D5FEC,Finder SpA
70B3D519E,J-Factor Embedded Technologies
70B3D5A20,Design For Life Systems
70B3D590A,Hangzhou SunTown Intelligent
70B3D51DB,Hudson Robotics
70B3D55CC,Akse srl
70B3D5973,Autonomic Controls
70B3D5083,ZAO ZEO
70B3D542A,Critical Link LLC
70B3D5C0F,Honeywell Safety Products USA
70B3D565C,Aplex Technology Inc.
70B3D5B55,CTAG - ESG36871424
70B3D5B33,Aplex Technology Inc.
70B3D518B,Aplex Technology Inc.
70B3D5CCC,AEC s.r.l.
70B3D53B2,Sicon srl
70B3D5387,GWF MessSysteme AG
70B3D551B,Vitrea Smart Home Technologies
70B3D5E9B,NUMATA R&D Co.
70B3D5C34,Technical Panels Co. Ltd.
70B3D5200,NextEV Co.
70B3D5A2C,TLV CO.
70B3D5AA1,Shenzhen Weema TV Technology
70B3D50D2,UNMANNED SPA
70B3D5AF1,Emka Technologies
70B3D5296,Rohde&Schwarz Topex SA
70B3D5167,Eiden Co.
70B3D5A4A,Beijing Arrow SEED Technology
70B3D585B,TSUBAKIMOTO CHAIN CO.
70B3D589B,ControlWorks
70B3D568F,PEEK TRAFFIC
70B3D55AB,Sea Air and Land
70B3D5CED,Advanced Products Corporation
70B3D5DB0,Arnouse Digital Devices Corp
70B3D5CCD,Suzhou PowerCore Technology
70B3D5163,BHARAT HEAVY ELECTRICALS
70B3D5227,Montalvo
70B3D5910,Eginity
70B3D57D1,Schneider Electric Motion USA
70B3D570F,Alion Science & Technology
70B3D5A1B,Potter Electric Signal Co. LLC
70B3D5947,Checkbill Co
70B3D5B77,Motec Pty Ltd
70B3D5D9D,Electroimpact
70B3D5C6F,nyantec UG
70B3D5475,EWATTCH
70B3D5F30,ADE Technology Inc.
70B3D5F95,Get SAT
70B3D5457,Vivaldi Clima Srl
70B3D5CD5,Apantac LLC
70B3D511F,Geppetto Electronics
70B3D5136,Miguel Corporate Services Pte
70B3D5E1A,BIZERBA LUCEO
70B3D55D5,CT Company
70B3D5A1F,GlobalTest LLC
70B3D58CA,Allied Data Systems
70B3D5785,Density Inc.
70B3D56B1,TTC TELEKOMUNIKACE
70B3D5BD5,Synics AG
70B3D55C1,Shanghai JaWay Information
70B3D5BE9,Telecast Inc.
70B3D5C62,WIZNOVA
70B3D5D3B,NimbeLink Corp
70B3D5FF4,Serveron Corporation
70B3D5760,QUALITTEQ LLC
70B3D5272,TELECOM SANTE
70B3D520D,Engage Technologies
70B3D5D55,WM Design s.r.o
70B3D5523,Tibit Communications
70B3D5E67,APPLIED PROCESSING
70B3D5241,Bolide Technology Group
70B3D5D25,ENGenesis
70B3D54A9,WARECUBE
70B3D52F8,Tunstall A/S
70B3D50A3,Solace Systems Inc.
70B3D5FC2,HUNTER LIBERTY CORPORATION
70B3D561C,Earth Works
70B3D56EA,Edgeware AB
70B3D5A05,Transas Marine Limited
70B3D5AA6,Proximus
70B3D55E5,HAIYANG OLIX CO.
70B3D5E2C,Fourth Frontier Technologies
70B3D51D4,Brinkmann Audio GmbH
70B3D55CA,ACD Elekronik GmbH
70B3D5427,Key Chemical & Equipment
70B3D5753,HCH. Kündig & CIE. AG
70B3D5A18,Embedded Systems Lukasz
70B3D50C2,LOOK EASY INTERNATIONAL
70B3D51DE,DYCEC
70B3D516C,OCEAN
70B3D5778,Lumacron Technology Ltd.
